[0] INFO ProjectConfiguration - Version of the JVM used: 1.8.0_482
[0] INFO main - Java version of the JDK used to run tests: 1.8.0_482
[0] INFO main - The compliance of the JVM is:  8
[0] INFO main - command line arguments: [-mode  custom  -customengine  fr.inria.astor.approaches.flakyrepair.FlakyRepairEngine  -javacompliancelevel  8  -srcjavafolder  src/main/java/  -srctestfolder  src/test/java/  -binjavafolder  target/classes/  -bintestfolder  target/test-classes/  -location  /home/itiro/Repos/astor-flakyrepair/samples/druid/  -dependencies  /home/itiro/Repos/astor-flakyrepair/samples/druid/lib]
[1] INFO AstorMain - Running Astor on a JDK at /usr/lib/jvm/java-8-openjdk/jre
Source folders: [/home/itiro/Repos/astor-flakyrepair/samples/druid/src/main/java]
Source Test folders: [/home/itiro/Repos/astor-flakyrepair/samples/druid/src/test/java]
Adding to classpath netty-buffer-4.1.17.Final.jar
Adding to classpath jersey-guice-1.19.jar
Adding to classpath hadoop-mapreduce-client-core-2.7.1.jar
Adding to classpath metrics-core-3.1.0.jar
Adding to classpath jasper-runtime-5.5.23.jar
Adding to classpath commons-compress-1.9.jar
Adding to classpath jackson-jaxrs-1.8.3.jar
Adding to classpath commons-logging-1.2.jar
Adding to classpath quartz-2.3.2.jar
Adding to classpath commons-digester-1.8.jar
Adding to classpath jersey-client-1.19.jar
Adding to classpath calcite-linq4j-1.26.0.jar
Adding to classpath commons-daemon-1.0.13.jar
Adding to classpath javax.servlet.jsp-api-2.3.1.jar
Adding to classpath c3p0-0.9.1.2.jar
Adding to classpath websocket-client-9.3.20.v20170531.jar
Adding to classpath jersey-server-1.9.jar
Adding to classpath hive-common-3.1.2.jar
Adding to classpath kylin-jdbc-2.0.0.jar
Adding to classpath commons-compiler-3.0.11.jar
Adding to classpath esri-geometry-api-2.2.0.jar
Adding to classpath tephra-core-0.6.0.jar
Adding to classpath hbase-shaded-netty-1.0.1.jar
Adding to classpath nutz-1.r.55.jar
Adding to classpath hbase-common-2.0.0-alpha4.jar
Adding to classpath jersey-container-servlet-core-2.25.1.jar
Adding to classpath tomcat-juli-8.0.32.jar
Adding to classpath audience-annotations-0.5.0.jar
Adding to classpath jetty-util-6.1.26.jar
Adding to classpath commons-crypto-1.0.0.jar
Adding to classpath jetty-client-9.3.20.v20170531.jar
Adding to classpath odps-sdk-udf-0.37.10-public.jar
Adding to classpath zookeeper-3.4.6.jar
Adding to classpath metrics-jvm-3.1.0.jar
Adding to classpath jets3t-0.9.0.jar
Adding to classpath spring-web-4.3.20.RELEASE.jar
Adding to classpath jetty-xml-9.3.20.v20170531.jar
Adding to classpath commons-net-3.1.jar
Adding to classpath jersey-guava-2.25.1.jar
Adding to classpath arrow-memory-0.8.0.jar
Adding to classpath jersey-server-2.25.1.jar
Adding to classpath hive-llap-tez-3.1.2.jar
Adding to classpath hadoop-mapreduce-client-app-2.7.1.jar
Adding to classpath json-smart-2.3.jar
Adding to classpath ojdbc8-19.3.0.0.jar
Adding to classpath json-1.8.jar
Adding to classpath hibernate-commons-annotations-5.0.1.Final.jar
Adding to classpath twill-api-0.6.0-incubating.jar
Adding to classpath hive-metastore-3.1.2.jar
Adding to classpath hbase-hadoop-compat-2.0.0-alpha4.jar
Adding to classpath websocket-common-9.3.20.v20170531.jar
Adding to classpath hbase-hadoop2-compat-2.0.0-alpha4.jar
Adding to classpath postgresql-42.2.18.jar
Adding to classpath log4j-slf4j-impl-2.10.0.jar
Adding to classpath jersey-common-2.25.1.jar
Adding to classpath aopalliance-1.0.jar
Adding to classpath antlr-runtime-3.5.2.jar
Adding to classpath jpam-1.1.jar
Adding to classpath sketches-core-0.9.0.jar
Adding to classpath javax.servlet.jsp-2.3.2.jar
Adding to classpath ibatis-sqlmap-2.3.4.726.jar
Adding to classpath twill-discovery-core-0.6.0-incubating.jar
Adding to classpath javax.json-1.0.4.jar
Adding to classpath jettison-1.1.jar
Adding to classpath mybatis-3.4.0.jar
Adding to classpath commons-collections4-4.1.jar
Adding to classpath taglibs-standard-impl-1.2.5.jar
Adding to classpath commons-el-1.0.jar
Adding to classpath websocket-server-9.3.20.v20170531.jar
Adding to classpath slf4j-log4j12-1.7.9.jar
Adding to classpath bcprov-jdk15on-1.52.jar
Adding to classpath hive-shims-common-3.1.2.jar
Adding to classpath jsch-0.1.42.jar
Adding to classpath flatbuffers-1.2.0-3f79e055.jar
Adding to classpath slf4j-api-1.7.9.jar
Adding to classpath error_prone_annotations-2.3.4.jar
Adding to classpath jetty-server-9.3.20.v20170531.jar
Adding to classpath javax.annotation-api-1.2.jar
Adding to classpath hadoop-mapreduce-client-jobclient-2.7.1.jar
Adding to classpath orc-core-1.5.6.jar
Adding to classpath jersey-core-1.9.jar
Adding to classpath aircompressor-0.10.jar
Adding to classpath asm-tree-5.0.1.jar
Adding to classpath netty-3.2.5.Final.jar
Adding to classpath hk2-api-2.5.0-b32.jar
Adding to classpath geronimo-jcache_1.0_spec-1.0-alpha-1.jar
Adding to classpath fastjson-1.2.73.jar
Adding to classpath spring-test-4.3.20.RELEASE.jar
Adding to classpath hbase-server-2.0.0-alpha4.jar
Adding to classpath hadoop-yarn-server-web-proxy-3.1.0.jar
Adding to classpath apache-jstl-9.3.20.v20170531.jar
Adding to classpath hbase-protocol-shaded-2.0.0-alpha4.jar
Adding to classpath hadoop-client-2.7.1.jar
Adding to classpath hadoop-distcp-2.7.1.jar
Adding to classpath websocket-api-9.3.20.v20170531.jar
Adding to classpath snappy-java-1.1.1.6.jar
Adding to classpath hive-storage-api-2.7.0.jar
Adding to classpath hive-standalone-metastore-3.1.2.jar
Adding to classpath spring-dao-2.0.8.jar
Adding to classpath hk2-utils-2.5.0-b32.jar
Adding to classpath javasimon-core-4.1.1.jar
Adding to classpath ST4-4.0.8.jar
Adding to classpath ehcache-3.3.1.jar
Adding to classpath hadoop-yarn-server-common-3.1.0.jar
Adding to classpath snakeyaml-1.24.jar
Adding to classpath calcite-core-1.26.0.jar
Adding to classpath hive-shims-scheduler-3.1.2.jar
Adding to classpath jetty-rewrite-9.3.20.v20170531.jar
Adding to classpath jdo-api-3.0.1.jar
Adding to classpath websocket-servlet-9.3.20.v20170531.jar
Adding to classpath twill-zookeeper-0.6.0-incubating.jar
Adding to classpath hbase-shaded-protobuf-1.0.1.jar
Adding to classpath hive-llap-client-3.1.2.jar
Adding to classpath hive-llap-server-3.1.2.jar
Adding to classpath httpcore-4.4.4.jar
Adding to classpath disruptor-3.3.6.jar
Adding to classpath avatica-core-1.9.0.jar
Adding to classpath validation-api-1.1.0.Final.jar
Adding to classpath hive-llap-common-3.1.2.jar
Adding to classpath arrow-format-0.8.0.jar
Adding to classpath htrace-core-3.0.4.jar
Adding to classpath hadoop-yarn-common-3.1.0.jar
Adding to classpath aopalliance-repackaged-2.5.0-b32.jar
Adding to classpath libthrift-0.9.3.jar
Adding to classpath curator-recipes-4.2.0.jar
Adding to classpath jetty-schemas-3.1.jar
Adding to classpath javassist-3.20.0-GA.jar
Adding to classpath jboss-logging-3.3.0.Final.jar
Adding to classpath hive-service-3.1.2.jar
Adding to classpath hbase-procedure-2.0.0-alpha4.jar
Adding to classpath listenablefuture-9999.0-empty-to-avoid-conflict-with-guava.jar
Adding to classpath javax.ws.rs-api-2.0.1.jar
Adding to classpath hbase-client-2.0.0-alpha4.jar
Adding to classpath json-path-2.4.0.jar
Adding to classpath calcite-druid-1.26.0.jar
Adding to classpath jetty-plus-9.3.20.v20170531.jar
Adding to classpath jersey-json-1.9.jar
Adding to classpath guice-3.0.jar
Adding to classpath jackson-module-jaxb-annotations-2.7.8.jar
Adding to classpath failureaccess-1.0.1.jar
Adding to classpath guava-30.1-jre.jar
Adding to classpath dropwizard-metrics-hadoop-metrics2-reporter-0.1.2.jar
Adding to classpath jackson-jaxrs-json-provider-2.7.8.jar
Adding to classpath hadoop-hdfs-2.2.0.jar
Adding to classpath jackson-mapper-asl-1.9.13.jar
Adding to classpath osdt_cert-19.3.0.0.jar
Adding to classpath spring-beans-4.3.20.RELEASE.jar
Adding to classpath trino-jdbc-352.jar
Adding to classpath classmate-1.3.0.jar
Adding to classpath hbase-replication-2.0.0-alpha4.jar
Adding to classpath servlet-api-2.5.jar
Adding to classpath bonecp-0.8.0.RELEASE.jar
Adding to classpath hibernate-core-5.1.0.Final.jar
Adding to classpath jta-1.1.jar
Adding to classpath spring-context-4.3.20.RELEASE.jar
Adding to classpath commons-pool2-2.6.0.jar
Adding to classpath hbase-shaded-miscellaneous-1.0.1.jar
Adding to classpath htrace-core-3.2.0-incubating.jar
Adding to classpath hk2-locator-2.5.0-b32.jar
Adding to classpath jackson-core-asl-1.9.13.jar
Adding to classpath curator-framework-4.2.0.jar
Adding to classpath twill-discovery-api-0.6.0-incubating.jar
Adding to classpath fastutil-6.5.6.jar
Adding to classpath httpmime-4.5.2.jar
Adding to classpath taglibs-standard-spec-1.2.5.jar
Adding to classpath twill-common-0.6.0-incubating.jar
Adding to classpath hbase-protocol-2.0.0-alpha4.jar
Adding to classpath hadoop-mapreduce-client-shuffle-2.7.1.jar
Adding to classpath hadoop-yarn-server-resourcemanager-3.1.0.jar
Adding to classpath parquet-hadoop-bundle-1.10.0.jar
Adding to classpath jtds-1.3.0.jar
Adding to classpath jdk.tools-1.6.jar
Adding to classpath spring-2.5.6.SEC03.jar
Adding to classpath antlr4-4.7.jar
Adding to classpath hadoop-auth-2.7.1.jar
Adding to classpath jetty-servlet-9.3.20.v20170531.jar
Adding to classpath jetty-runner-9.3.20.v20170531.jar
Adding to classpath simple-jndi-0.11.4.1.jar
Adding to classpath hibernate-jpa-2.1-api-1.0.0.Final.jar
Adding to classpath jersey-servlet-1.19.jar
Adding to classpath ecj-4.4.2.jar
Adding to classpath javax.inject-1.jar
Adding to classpath jetty-io-9.3.20.v20170531.jar
Adding to classpath metrics-json-3.1.0.jar
Adding to classpath datanucleus-core-4.1.17.jar
Adding to classpath tools-1.8.jar
Adding to classpath jetty-http-9.3.20.v20170531.jar
Adding to classpath derby-10.12.1.1.jar
Adding to classpath curator-client-4.2.0.jar
Adding to classpath hppc-0.7.2.jar
Adding to classpath HikariCP-java7-2.4.13.jar
Adding to classpath jackson-dataformat-yaml-2.10.0.jar
Adding to classpath hbase-mapreduce-2.0.0-alpha4.jar
Adding to classpath uzaygezen-core-0.2.jar
Adding to classpath java-xmlbuilder-0.4.jar
Adding to classpath json-io-2.5.1.jar
Adding to classpath hadoop-mapreduce-client-common-2.7.1.jar
Adding to classpath jetty-jndi-9.3.20.v20170531.jar
Adding to classpath tephra-hbase-compat-1.0-0.6.0.jar
Adding to classpath jersey-client-2.25.1.jar
Adding to classpath HikariCP-2.6.1.jar
Adding to classpath spring-webmvc-4.3.20.RELEASE.jar
Adding to classpath spring-tx-4.3.20.RELEASE.jar
Adding to classpath api-asn1-api-1.0.0-M20.jar
Adding to classpath ons-19.3.0.0.jar
Adding to classpath ucp-19.3.0.0.jar
Adding to classpath log4j-api-2.13.2.jar
Adding to classpath accessors-smart-1.2.jar
Adding to classpath antlr4-runtime-4.7.jar
Adding to classpath log4j-core-2.17.0.jar
Adding to classpath jmh-core-1.19.jar
Adding to classpath leveldbjni-all-1.8.jar
Adding to classpath jcl-over-slf4j-1.7.21.jar
Adding to classpath jopt-simple-4.6.jar
Adding to classpath hive-serde-3.1.2.jar
Adding to classpath xmlenc-0.52.jar
Adding to classpath hive-service-rpc-3.1.2.jar
Adding to classpath lz4-1.3.0.jar
Adding to classpath netty-3.7.0.Final.jar
Adding to classpath asm-5.0.4.jar
Adding to classpath odps-jdbc-1.6.jar
Adding to classpath jetty-util-ajax-9.3.19.v20170502.jar
Adding to classpath jaxb-impl-2.2.3-1.jar
Adding to classpath org.abego.treelayout.core-1.0.3.jar
Adding to classpath jconsole-1.8.0.jar
Adding to classpath odps-sdk-core-0.18.3-public.jar
Adding to classpath gson-2.2.4.jar
Adding to classpath hadoop-common-2.6.0.jar
Adding to classpath xml-apis-1.0.b2.jar
Adding to classpath apiguardian-api-1.1.0.jar
Adding to classpath osgi-resource-locator-1.0.1.jar
Adding to classpath apache-jsp-9.3.20.v20170531.jar
Adding to classpath dom4j-1.6.1.jar
Adding to classpath jcodings-1.0.18.jar
Adding to classpath hbase-prefix-tree-2.0.0-alpha4.jar
Adding to classpath javolution-5.5.1.jar
Adding to classpath jsp-api-2.1.jar
Adding to classpath spring-aop-4.3.20.RELEASE.jar
Adding to classpath mysql-connector-java-8.0.21.jar
Adding to classpath hadoop-yarn-api-3.1.0.jar
Adding to classpath javacsv-2.0.jar
Adding to classpath ant-launcher-1.9.1.jar
Adding to classpath openjdk-1.8-jconsole.jar
Adding to classpath log4j-1.2.17.jar
Adding to classpath guice-servlet-4.0.jar
Adding to classpath jamon-runtime-2.3.1.jar
Adding to classpath hbase-metrics-api-2.0.0-alpha4.jar
Adding to classpath openjdk-1.8-tools.jar
Adding to classpath c3p0-0.9.5.4.jar
Adding to classpath netty-common-4.1.17.Final.jar
Adding to classpath log4j-1.2-api-2.10.0.jar
Adding to classpath javasimon-jdbc41-4.1.1.jar
Adding to classpath hbase-common-2.0.0-alpha4-tests.jar
Adding to classpath javasimon-javaee-4.1.1.jar
Adding to classpath asm-3.1.jar
Adding to classpath opencsv-2.3.jar
Adding to classpath jersey-media-jaxb-2.25.1.jar
Adding to classpath sqlline-1.3.0.jar
Adding to classpath twill-core-0.6.0-incubating.jar
Adding to classpath jackson-xc-1.8.3.jar
Adding to classpath hive-upgrade-acid-3.1.2.jar
Adding to classpath clickhouse-jdbc-0.2.4.jar
Adding to classpath h2-1.4.199.jar
Adding to classpath mchange-commons-java-0.2.15.jar
Adding to classpath jetty-security-9.3.20.v20170531.jar
Adding to classpath avatica-metrics-1.9.0.jar
Adding to classpath mariadb-java-client-2.4.0.jar
Adding to classpath commons-math3-3.2.jar
Adding to classpath commons-cli-1.2.jar
Adding to classpath commons-lang-2.4.jar
Adding to classpath odps-sdk-commons-0.37.10-public.jar
Adding to classpath checker-qual-3.5.0.jar
Adding to classpath hadoop-yarn-server-applicationhistoryservice-3.1.0.jar
Adding to classpath jackson-databind-2.10.0.jar
Adding to classpath commons-codec-1.12.jar
Adding to classpath log4j-web-2.10.0.jar
Adding to classpath hive-shims-3.1.2.jar
Adding to classpath apacheds-kerberos-codec-2.0.0-M15.jar
Adding to classpath commons-beanutils-1.7.0.jar
Adding to classpath transaction-api-1.1.jar
Adding to classpath tools-1.8.0.jar
Adding to classpath datanucleus-api-jdo-4.2.4.jar
Adding to classpath guice-assistedinject-3.0.jar
Adding to classpath hive-jdbc-3.1.2.jar
Adding to classpath commons-beanutils-core-1.8.0.jar
Adding to classpath mssql-jdbc-6.2.1.jre7.jar
Adding to classpath javax.servlet-api-3.1.0.jar
Adding to classpath oraclepki-19.3.0.0.jar
Adding to classpath hive-llap-common-3.1.2-tests.jar
Adding to classpath jetty-jaas-9.3.20.v20170531.jar
Adding to classpath jline-2.12.jar
Adding to classpath simplefan-19.3.0.0.jar
Adding to classpath mybatis-spring-1.3.0.jar
Adding to classpath commons-dbcp-1.4.jar
Adding to classpath jandex-2.0.0.Final.jar
Adding to classpath commons-configuration-1.6.jar
Adding to classpath aspectjrt-1.8.9.jar
Adding to classpath javax.jdo-3.2.0-m3.jar
Adding to classpath curator-test-4.2.0.jar
Adding to classpath apacheds-i18n-2.0.0-M15.jar
Adding to classpath jetty-6.1.26.jar
Adding to classpath findbugs-annotations-1.3.9-1.jar
Adding to classpath geronimo-jta_1.1_spec-1.1.1.jar
Adding to classpath aggdesigner-algorithm-6.0.jar
Adding to classpath hibernate-c3p0-5.1.0.Final.jar
Adding to classpath hive-shims-0.23-3.1.2.jar
Adding to classpath datanucleus-rdbms-4.1.19.jar
Adding to classpath java-util-1.9.0.jar
Adding to classpath jackson-core-2.10.0.jar
Adding to classpath asm-commons-5.0.1.jar
Adding to classpath avro-1.7.7.jar
Adding to classpath antlr-2.7.7.jar
Adding to classpath osdt_core-19.3.0.0.jar
Adding to classpath joda-time-2.8.1.jar
Adding to classpath jackson-jaxrs-base-2.7.8.jar
Adding to classpath memory-0.9.0.jar
Adding to classpath commons-dbcp2-2.5.0.jar
Adding to classpath joni-2.1.11.jar
Adding to classpath ant-1.9.1.jar
Adding to classpath spring-expression-4.3.20.RELEASE.jar
Adding to classpath commons-lang3-3.8.jar
Adding to classpath hadoop-annotations-2.6.0.jar
Adding to classpath dnsjava-2.1.7.jar
Adding to classpath paranamer-2.3.jar
Adding to classpath javax.el-3.0.1-b12.jar
Adding to classpath orc-shims-1.5.6.jar
Adding to classpath jetty-webapp-9.3.20.v20170531.jar
Adding to classpath jackson-annotations-2.10.0.jar
Adding to classpath tomcat-jdbc-8.0.32.jar
Adding to classpath hadoop-yarn-client-2.7.1.jar
Adding to classpath protobuf-java-3.11.4.jar
Adding to classpath junit-4.13.1.jar
Adding to classpath javasimon-spring-4.1.1.jar
Adding to classpath spring-core-4.3.20.RELEASE.jar
Adding to classpath hadoop-yarn-registry-3.1.0.jar
Adding to classpath jetty-util-9.3.20.v20170531.jar
Adding to classpath tephra-api-0.6.0.jar
Adding to classpath commons-dbutils-1.6.jar
Adding to classpath hamcrest-core-1.3.jar
Adding to classpath arrow-vector-0.8.0.jar
Adding to classpath icu4j-58.2.jar
Adding to classpath spring-orm-4.3.20.RELEASE.jar
Adding to classpath hbase-metrics-2.0.0-alpha4.jar
Adding to classpath j2objc-annotations-1.3.jar
Adding to classpath commons-io-2.4.jar
Adding to classpath httpclient-4.2.5.jar
Adding to classpath commons-collections-3.2.1.jar
Adding to classpath libfb303-0.9.3.jar
Adding to classpath fst-2.50.jar
Adding to classpath hbase-http-2.0.0-alpha4.jar
Adding to classpath jasper-compiler-5.5.23.jar
Adding to classpath spring-ibatis-2.0.8.jar
Adding to classpath jsr305-3.0.2.jar
Adding to classpath jconsole-1.8.jar
Adding to classpath jmh-generator-annprocess-1.19.jar
Adding to classpath bonecp-spring-0.8.0.RELEASE.jar
Adding to classpath dubbo-2.5.3.jar
Adding to classpath api-util-1.0.0-M20.jar
Adding to classpath jaxb-api-2.3.0.jar
Adding to classpath javax.inject-2.5.0-b32.jar
Adding to classpath janino-3.0.11.jar
Adding to classpath commons-pool-1.5.4.jar
Adding to classpath jetty-annotations-9.3.20.v20170531.jar
Adding to classpath netty-all-4.1.17.Final.jar
Adding to classpath spring-jdbc-4.3.20.RELEASE.jar
Adding to classpath hive-classification-3.1.2.jar
Adding to classpath commons-httpclient-3.1.jar
---- Creating spoon model
Creating model,  Code location from working folder: /home/itiro/Repos/astor-flakyrepair/samples/druid/src/main/java:/home/itiro/Repos/astor-flakyrepair/samples/druid/src/test/java
building model: /home/itiro/Repos/astor-flakyrepair/samples/druid/src/main/java:/home/itiro/Repos/astor-flakyrepair/samples/druid/src/test/java, compliance level: 8
Classpath (Dependencies) for building SpoonModel: [/home/itiro/Repos/astor-flakyrepair/samples/druid/lib/, /home/itiro/Repos/astor-flakyrepair/samples/druid/lib/netty-buffer-4.1.17.Final.jar, /home/itiro/Repos/astor-flakyrepair/samples/druid/lib/jersey-guice-1.19.jar, /home/itiro/Repos/astor-flakyrepair/samples/druid/lib/hadoop-mapreduce-client-core-2.7.1.jar, /home/itiro/Repos/astor-flakyrepair/samples/druid/lib/metrics-core-3.1.0.jar, /home/itiro/Repos/astor-flakyrepair/samples/druid/lib/jasper-runtime-5.5.23.jar, /home/itiro/Repos/astor-flakyrepair/samples/druid/lib/commons-compress-1.9.jar, /home/itiro/Repos/astor-flakyrepair/samples/druid/lib/jackson-jaxrs-1.8.3.jar, /home/itiro/Repos/astor-flakyrepair/samples/druid/lib/commons-logging-1.2.jar, /home/itiro/Repos/astor-flakyrepair/samples/druid/lib/quartz-2.3.2.jar, /home/itiro/Repos/astor-flakyrepair/samples/druid/lib/commons-digester-1.8.jar, /home/itiro/Repos/astor-flakyrepair/samples/druid/lib/jersey-client-1.19.jar, /home/itiro/Repos/astor-flakyrepair/samples/druid/lib/calcite-linq4j-1.26.0.jar, /home/itiro/Repos/astor-flakyrepair/samples/druid/lib/commons-daemon-1.0.13.jar, /home/itiro/Repos/astor-flakyrepair/samples/druid/lib/javax.servlet.jsp-api-2.3.1.jar, /home/itiro/Repos/astor-flakyrepair/samples/druid/lib/c3p0-0.9.1.2.jar, /home/itiro/Repos/astor-flakyrepair/samples/druid/lib/websocket-client-9.3.20.v20170531.jar, /home/itiro/Repos/astor-flakyrepair/samples/druid/lib/jersey-server-1.9.jar, /home/itiro/Repos/astor-flakyrepair/samples/druid/lib/hive-common-3.1.2.jar, /home/itiro/Repos/astor-flakyrepair/samples/druid/lib/kylin-jdbc-2.0.0.jar, /home/itiro/Repos/astor-flakyrepair/samples/druid/lib/commons-compiler-3.0.11.jar, /home/itiro/Repos/astor-flakyrepair/samples/druid/lib/esri-geometry-api-2.2.0.jar, /home/itiro/Repos/astor-flakyrepair/samples/druid/lib/tephra-core-0.6.0.jar, /home/itiro/Repos/astor-flakyrepair/samples/druid/lib/hbase-shaded-netty-1.0.1.jar, /home/itiro/Repos/astor-flakyrepair/samples/druid/lib/nutz-1.r.55.jar, /home/itiro/Repos/astor-flakyrepair/samples/druid/lib/hbase-common-2.0.0-alpha4.jar, /home/itiro/Repos/astor-flakyrepair/samples/druid/lib/jersey-container-servlet-core-2.25.1.jar, /home/itiro/Repos/astor-flakyrepair/samples/druid/lib/tomcat-juli-8.0.32.jar, /home/itiro/Repos/astor-flakyrepair/samples/druid/lib/audience-annotations-0.5.0.jar, /home/itiro/Repos/astor-flakyrepair/samples/druid/lib/jetty-util-6.1.26.jar, /home/itiro/Repos/astor-flakyrepair/samples/druid/lib/commons-crypto-1.0.0.jar, /home/itiro/Repos/astor-flakyrepair/samples/druid/lib/jetty-client-9.3.20.v20170531.jar, /home/itiro/Repos/astor-flakyrepair/samples/druid/lib/odps-sdk-udf-0.37.10-public.jar, /home/itiro/Repos/astor-flakyrepair/samples/druid/lib/zookeeper-3.4.6.jar, /home/itiro/Repos/astor-flakyrepair/samples/druid/lib/metrics-jvm-3.1.0.jar, /home/itiro/Repos/astor-flakyrepair/samples/druid/lib/jets3t-0.9.0.jar, /home/itiro/Repos/astor-flakyrepair/samples/druid/lib/spring-web-4.3.20.RELEASE.jar, /home/itiro/Repos/astor-flakyrepair/samples/druid/lib/jetty-xml-9.3.20.v20170531.jar, /home/itiro/Repos/astor-flakyrepair/samples/druid/lib/commons-net-3.1.jar, /home/itiro/Repos/astor-flakyrepair/samples/druid/lib/jersey-guava-2.25.1.jar, /home/itiro/Repos/astor-flakyrepair/samples/druid/lib/arrow-memory-0.8.0.jar, /home/itiro/Repos/astor-flakyrepair/samples/druid/lib/jersey-server-2.25.1.jar, /home/itiro/Repos/astor-flakyrepair/samples/druid/lib/hive-llap-tez-3.1.2.jar, /home/itiro/Repos/astor-flakyrepair/samples/druid/lib/hadoop-mapreduce-client-app-2.7.1.jar, /home/itiro/Repos/astor-flakyrepair/samples/druid/lib/json-smart-2.3.jar, /home/itiro/Repos/astor-flakyrepair/samples/druid/lib/ojdbc8-19.3.0.0.jar, /home/itiro/Repos/astor-flakyrepair/samples/druid/lib/json-1.8.jar, /home/itiro/Repos/astor-flakyrepair/samples/druid/lib/hibernate-commons-annotations-5.0.1.Final.jar, /home/itiro/Repos/astor-flakyrepair/samples/druid/lib/twill-api-0.6.0-incubating.jar, /home/itiro/Repos/astor-flakyrepair/samples/druid/lib/hive-metastore-3.1.2.jar, /home/itiro/Repos/astor-flakyrepair/samples/druid/lib/hbase-hadoop-compat-2.0.0-alpha4.jar, /home/itiro/Repos/astor-flakyrepair/samples/druid/lib/websocket-common-9.3.20.v20170531.jar, /home/itiro/Repos/astor-flakyrepair/samples/druid/lib/hbase-hadoop2-compat-2.0.0-alpha4.jar, /home/itiro/Repos/astor-flakyrepair/samples/druid/lib/postgresql-42.2.18.jar, /home/itiro/Repos/astor-flakyrepair/samples/druid/lib/log4j-slf4j-impl-2.10.0.jar, /home/itiro/Repos/astor-flakyrepair/samples/druid/lib/jersey-common-2.25.1.jar, /home/itiro/Repos/astor-flakyrepair/samples/druid/lib/aopalliance-1.0.jar, /home/itiro/Repos/astor-flakyrepair/samples/druid/lib/antlr-runtime-3.5.2.jar, /home/itiro/Repos/astor-flakyrepair/samples/druid/lib/jpam-1.1.jar, /home/itiro/Repos/astor-flakyrepair/samples/druid/lib/sketches-core-0.9.0.jar, /home/itiro/Repos/astor-flakyrepair/samples/druid/lib/javax.servlet.jsp-2.3.2.jar, /home/itiro/Repos/astor-flakyrepair/samples/druid/lib/ibatis-sqlmap-2.3.4.726.jar, /home/itiro/Repos/astor-flakyrepair/samples/druid/lib/twill-discovery-core-0.6.0-incubating.jar, /home/itiro/Repos/astor-flakyrepair/samples/druid/lib/javax.json-1.0.4.jar, /home/itiro/Repos/astor-flakyrepair/samples/druid/lib/jettison-1.1.jar, /home/itiro/Repos/astor-flakyrepair/samples/druid/lib/mybatis-3.4.0.jar, /home/itiro/Repos/astor-flakyrepair/samples/druid/lib/commons-collections4-4.1.jar, /home/itiro/Repos/astor-flakyrepair/samples/druid/lib/taglibs-standard-impl-1.2.5.jar, /home/itiro/Repos/astor-flakyrepair/samples/druid/lib/commons-el-1.0.jar, /home/itiro/Repos/astor-flakyrepair/samples/druid/lib/websocket-server-9.3.20.v20170531.jar, /home/itiro/Repos/astor-flakyrepair/samples/druid/lib/slf4j-log4j12-1.7.9.jar, /home/itiro/Repos/astor-flakyrepair/samples/druid/lib/bcprov-jdk15on-1.52.jar, /home/itiro/Repos/astor-flakyrepair/samples/druid/lib/hive-shims-common-3.1.2.jar, /home/itiro/Repos/astor-flakyrepair/samples/druid/lib/jsch-0.1.42.jar, /home/itiro/Repos/astor-flakyrepair/samples/druid/lib/flatbuffers-1.2.0-3f79e055.jar, /home/itiro/Repos/astor-flakyrepair/samples/druid/lib/slf4j-api-1.7.9.jar, /home/itiro/Repos/astor-flakyrepair/samples/druid/lib/error_prone_annotations-2.3.4.jar, /home/itiro/Repos/astor-flakyrepair/samples/druid/lib/jetty-server-9.3.20.v20170531.jar, /home/itiro/Repos/astor-flakyrepair/samples/druid/lib/javax.annotation-api-1.2.jar, /home/itiro/Repos/astor-flakyrepair/samples/druid/lib/hadoop-mapreduce-client-jobclient-2.7.1.jar, /home/itiro/Repos/astor-flakyrepair/samples/druid/lib/orc-core-1.5.6.jar, /home/itiro/Repos/astor-flakyrepair/samples/druid/lib/jersey-core-1.9.jar, /home/itiro/Repos/astor-flakyrepair/samples/druid/lib/aircompressor-0.10.jar, /home/itiro/Repos/astor-flakyrepair/samples/druid/lib/asm-tree-5.0.1.jar, /home/itiro/Repos/astor-flakyrepair/samples/druid/lib/netty-3.2.5.Final.jar, /home/itiro/Repos/astor-flakyrepair/samples/druid/lib/hk2-api-2.5.0-b32.jar, /home/itiro/Repos/astor-flakyrepair/samples/druid/lib/geronimo-jcache_1.0_spec-1.0-alpha-1.jar, /home/itiro/Repos/astor-flakyrepair/samples/druid/lib/fastjson-1.2.73.jar, /home/itiro/Repos/astor-flakyrepair/samples/druid/lib/spring-test-4.3.20.RELEASE.jar, /home/itiro/Repos/astor-flakyrepair/samples/druid/lib/hbase-server-2.0.0-alpha4.jar, /home/itiro/Repos/astor-flakyrepair/samples/druid/lib/hadoop-yarn-server-web-proxy-3.1.0.jar, /home/itiro/Repos/astor-flakyrepair/samples/druid/lib/apache-jstl-9.3.20.v20170531.jar, /home/itiro/Repos/astor-flakyrepair/samples/druid/lib/hbase-protocol-shaded-2.0.0-alpha4.jar, /home/itiro/Repos/astor-flakyrepair/samples/druid/lib/hadoop-client-2.7.1.jar, /home/itiro/Repos/astor-flakyrepair/samples/druid/lib/hadoop-distcp-2.7.1.jar, /home/itiro/Repos/astor-flakyrepair/samples/druid/lib/websocket-api-9.3.20.v20170531.jar, /home/itiro/Repos/astor-flakyrepair/samples/druid/lib/snappy-java-1.1.1.6.jar, /home/itiro/Repos/astor-flakyrepair/samples/druid/lib/hive-storage-api-2.7.0.jar, /home/itiro/Repos/astor-flakyrepair/samples/druid/lib/hive-standalone-metastore-3.1.2.jar, /home/itiro/Repos/astor-flakyrepair/samples/druid/lib/spring-dao-2.0.8.jar, /home/itiro/Repos/astor-flakyrepair/samples/druid/lib/hk2-utils-2.5.0-b32.jar, /home/itiro/Repos/astor-flakyrepair/samples/druid/lib/javasimon-core-4.1.1.jar, /home/itiro/Repos/astor-flakyrepair/samples/druid/lib/ST4-4.0.8.jar, /home/itiro/Repos/astor-flakyrepair/samples/druid/lib/ehcache-3.3.1.jar, /home/itiro/Repos/astor-flakyrepair/samples/druid/lib/hadoop-yarn-server-common-3.1.0.jar, /home/itiro/Repos/astor-flakyrepair/samples/druid/lib/snakeyaml-1.24.jar, /home/itiro/Repos/astor-flakyrepair/samples/druid/lib/calcite-core-1.26.0.jar, /home/itiro/Repos/astor-flakyrepair/samples/druid/lib/hive-shims-scheduler-3.1.2.jar, /home/itiro/Repos/astor-flakyrepair/samples/druid/lib/jetty-rewrite-9.3.20.v20170531.jar, /home/itiro/Repos/astor-flakyrepair/samples/druid/lib/jdo-api-3.0.1.jar, /home/itiro/Repos/astor-flakyrepair/samples/druid/lib/websocket-servlet-9.3.20.v20170531.jar, /home/itiro/Repos/astor-flakyrepair/samples/druid/lib/twill-zookeeper-0.6.0-incubating.jar, /home/itiro/Repos/astor-flakyrepair/samples/druid/lib/hbase-shaded-protobuf-1.0.1.jar, /home/itiro/Repos/astor-flakyrepair/samples/druid/lib/hive-llap-client-3.1.2.jar, /home/itiro/Repos/astor-flakyrepair/samples/druid/lib/hive-llap-server-3.1.2.jar, /home/itiro/Repos/astor-flakyrepair/samples/druid/lib/httpcore-4.4.4.jar, /home/itiro/Repos/astor-flakyrepair/samples/druid/lib/disruptor-3.3.6.jar, /home/itiro/Repos/astor-flakyrepair/samples/druid/lib/avatica-core-1.9.0.jar, /home/itiro/Repos/astor-flakyrepair/samples/druid/lib/validation-api-1.1.0.Final.jar, /home/itiro/Repos/astor-flakyrepair/samples/druid/lib/hive-llap-common-3.1.2.jar, /home/itiro/Repos/astor-flakyrepair/samples/druid/lib/arrow-format-0.8.0.jar, /home/itiro/Repos/astor-flakyrepair/samples/druid/lib/htrace-core-3.0.4.jar, /home/itiro/Repos/astor-flakyrepair/samples/druid/lib/hadoop-yarn-common-3.1.0.jar, /home/itiro/Repos/astor-flakyrepair/samples/druid/lib/aopalliance-repackaged-2.5.0-b32.jar, /home/itiro/Repos/astor-flakyrepair/samples/druid/lib/libthrift-0.9.3.jar, /home/itiro/Repos/astor-flakyrepair/samples/druid/lib/curator-recipes-4.2.0.jar, /home/itiro/Repos/astor-flakyrepair/samples/druid/lib/jetty-schemas-3.1.jar, /home/itiro/Repos/astor-flakyrepair/samples/druid/lib/javassist-3.20.0-GA.jar, /home/itiro/Repos/astor-flakyrepair/samples/druid/lib/jboss-logging-3.3.0.Final.jar, /home/itiro/Repos/astor-flakyrepair/samples/druid/lib/hive-service-3.1.2.jar, /home/itiro/Repos/astor-flakyrepair/samples/druid/lib/hbase-procedure-2.0.0-alpha4.jar, /home/itiro/Repos/astor-flakyrepair/samples/druid/lib/listenablefuture-9999.0-empty-to-avoid-conflict-with-guava.jar, /home/itiro/Repos/astor-flakyrepair/samples/druid/lib/javax.ws.rs-api-2.0.1.jar, /home/itiro/Repos/astor-flakyrepair/samples/druid/lib/hbase-client-2.0.0-alpha4.jar, /home/itiro/Repos/astor-flakyrepair/samples/druid/lib/json-path-2.4.0.jar, /home/itiro/Repos/astor-flakyrepair/samples/druid/lib/calcite-druid-1.26.0.jar, /home/itiro/Repos/astor-flakyrepair/samples/druid/lib/jetty-plus-9.3.20.v20170531.jar, /home/itiro/Repos/astor-flakyrepair/samples/druid/lib/jersey-json-1.9.jar, /home/itiro/Repos/astor-flakyrepair/samples/druid/lib/guice-3.0.jar, /home/itiro/Repos/astor-flakyrepair/samples/druid/lib/jackson-module-jaxb-annotations-2.7.8.jar, /home/itiro/Repos/astor-flakyrepair/samples/druid/lib/failureaccess-1.0.1.jar, /home/itiro/Repos/astor-flakyrepair/samples/druid/lib/guava-30.1-jre.jar, /home/itiro/Repos/astor-flakyrepair/samples/druid/lib/dropwizard-metrics-hadoop-metrics2-reporter-0.1.2.jar, /home/itiro/Repos/astor-flakyrepair/samples/druid/lib/jackson-jaxrs-json-provider-2.7.8.jar, /home/itiro/Repos/astor-flakyrepair/samples/druid/lib/hadoop-hdfs-2.2.0.jar, /home/itiro/Repos/astor-flakyrepair/samples/druid/lib/jackson-mapper-asl-1.9.13.jar, /home/itiro/Repos/astor-flakyrepair/samples/druid/lib/osdt_cert-19.3.0.0.jar, /home/itiro/Repos/astor-flakyrepair/samples/druid/lib/spring-beans-4.3.20.RELEASE.jar, /home/itiro/Repos/astor-flakyrepair/samples/druid/lib/trino-jdbc-352.jar, /home/itiro/Repos/astor-flakyrepair/samples/druid/lib/classmate-1.3.0.jar, /home/itiro/Repos/astor-flakyrepair/samples/druid/lib/hbase-replication-2.0.0-alpha4.jar, /home/itiro/Repos/astor-flakyrepair/samples/druid/lib/servlet-api-2.5.jar, /home/itiro/Repos/astor-flakyrepair/samples/druid/lib/bonecp-0.8.0.RELEASE.jar, /home/itiro/Repos/astor-flakyrepair/samples/druid/lib/hibernate-core-5.1.0.Final.jar, /home/itiro/Repos/astor-flakyrepair/samples/druid/lib/jta-1.1.jar, /home/itiro/Repos/astor-flakyrepair/samples/druid/lib/spring-context-4.3.20.RELEASE.jar, /home/itiro/Repos/astor-flakyrepair/samples/druid/lib/commons-pool2-2.6.0.jar, /home/itiro/Repos/astor-flakyrepair/samples/druid/lib/hbase-shaded-miscellaneous-1.0.1.jar, /home/itiro/Repos/astor-flakyrepair/samples/druid/lib/htrace-core-3.2.0-incubating.jar, /home/itiro/Repos/astor-flakyrepair/samples/druid/lib/hk2-locator-2.5.0-b32.jar, /home/itiro/Repos/astor-flakyrepair/samples/druid/lib/jackson-core-asl-1.9.13.jar, /home/itiro/Repos/astor-flakyrepair/samples/druid/lib/curator-framework-4.2.0.jar, /home/itiro/Repos/astor-flakyrepair/samples/druid/lib/twill-discovery-api-0.6.0-incubating.jar, /home/itiro/Repos/astor-flakyrepair/samples/druid/lib/fastutil-6.5.6.jar, /home/itiro/Repos/astor-flakyrepair/samples/druid/lib/httpmime-4.5.2.jar, /home/itiro/Repos/astor-flakyrepair/samples/druid/lib/taglibs-standard-spec-1.2.5.jar, /home/itiro/Repos/astor-flakyrepair/samples/druid/lib/twill-common-0.6.0-incubating.jar, /home/itiro/Repos/astor-flakyrepair/samples/druid/lib/hbase-protocol-2.0.0-alpha4.jar, /home/itiro/Repos/astor-flakyrepair/samples/druid/lib/hadoop-mapreduce-client-shuffle-2.7.1.jar, /home/itiro/Repos/astor-flakyrepair/samples/druid/lib/hadoop-yarn-server-resourcemanager-3.1.0.jar, /home/itiro/Repos/astor-flakyrepair/samples/druid/lib/parquet-hadoop-bundle-1.10.0.jar, /home/itiro/Repos/astor-flakyrepair/samples/druid/lib/jtds-1.3.0.jar, /home/itiro/Repos/astor-flakyrepair/samples/druid/lib/jdk.tools-1.6.jar, /home/itiro/Repos/astor-flakyrepair/samples/druid/lib/spring-2.5.6.SEC03.jar, /home/itiro/Repos/astor-flakyrepair/samples/druid/lib/antlr4-4.7.jar, /home/itiro/Repos/astor-flakyrepair/samples/druid/lib/hadoop-auth-2.7.1.jar, /home/itiro/Repos/astor-flakyrepair/samples/druid/lib/jetty-servlet-9.3.20.v20170531.jar, /home/itiro/Repos/astor-flakyrepair/samples/druid/lib/jetty-runner-9.3.20.v20170531.jar, /home/itiro/Repos/astor-flakyrepair/samples/druid/lib/simple-jndi-0.11.4.1.jar, /home/itiro/Repos/astor-flakyrepair/samples/druid/lib/hibernate-jpa-2.1-api-1.0.0.Final.jar, /home/itiro/Repos/astor-flakyrepair/samples/druid/lib/jersey-servlet-1.19.jar, /home/itiro/Repos/astor-flakyrepair/samples/druid/lib/ecj-4.4.2.jar, /home/itiro/Repos/astor-flakyrepair/samples/druid/lib/javax.inject-1.jar, /home/itiro/Repos/astor-flakyrepair/samples/druid/lib/jetty-io-9.3.20.v20170531.jar, /home/itiro/Repos/astor-flakyrepair/samples/druid/lib/metrics-json-3.1.0.jar, /home/itiro/Repos/astor-flakyrepair/samples/druid/lib/datanucleus-core-4.1.17.jar, /home/itiro/Repos/astor-flakyrepair/samples/druid/lib/tools-1.8.jar, /home/itiro/Repos/astor-flakyrepair/samples/druid/lib/jetty-http-9.3.20.v20170531.jar, /home/itiro/Repos/astor-flakyrepair/samples/druid/lib/derby-10.12.1.1.jar, /home/itiro/Repos/astor-flakyrepair/samples/druid/lib/curator-client-4.2.0.jar, /home/itiro/Repos/astor-flakyrepair/samples/druid/lib/hppc-0.7.2.jar, /home/itiro/Repos/astor-flakyrepair/samples/druid/lib/HikariCP-java7-2.4.13.jar, /home/itiro/Repos/astor-flakyrepair/samples/druid/lib/jackson-dataformat-yaml-2.10.0.jar, /home/itiro/Repos/astor-flakyrepair/samples/druid/lib/hbase-mapreduce-2.0.0-alpha4.jar, /home/itiro/Repos/astor-flakyrepair/samples/druid/lib/uzaygezen-core-0.2.jar, /home/itiro/Repos/astor-flakyrepair/samples/druid/lib/java-xmlbuilder-0.4.jar, /home/itiro/Repos/astor-flakyrepair/samples/druid/lib/json-io-2.5.1.jar, /home/itiro/Repos/astor-flakyrepair/samples/druid/lib/hadoop-mapreduce-client-common-2.7.1.jar, /home/itiro/Repos/astor-flakyrepair/samples/druid/lib/jetty-jndi-9.3.20.v20170531.jar, /home/itiro/Repos/astor-flakyrepair/samples/druid/lib/tephra-hbase-compat-1.0-0.6.0.jar, /home/itiro/Repos/astor-flakyrepair/samples/druid/lib/jersey-client-2.25.1.jar, /home/itiro/Repos/astor-flakyrepair/samples/druid/lib/HikariCP-2.6.1.jar, /home/itiro/Repos/astor-flakyrepair/samples/druid/lib/spring-webmvc-4.3.20.RELEASE.jar, /home/itiro/Repos/astor-flakyrepair/samples/druid/lib/spring-tx-4.3.20.RELEASE.jar, /home/itiro/Repos/astor-flakyrepair/samples/druid/lib/api-asn1-api-1.0.0-M20.jar, /home/itiro/Repos/astor-flakyrepair/samples/druid/lib/ons-19.3.0.0.jar, /home/itiro/Repos/astor-flakyrepair/samples/druid/lib/ucp-19.3.0.0.jar, /home/itiro/Repos/astor-flakyrepair/samples/druid/lib/log4j-api-2.13.2.jar, /home/itiro/Repos/astor-flakyrepair/samples/druid/lib/accessors-smart-1.2.jar, /home/itiro/Repos/astor-flakyrepair/samples/druid/lib/antlr4-runtime-4.7.jar, /home/itiro/Repos/astor-flakyrepair/samples/druid/lib/log4j-core-2.17.0.jar, /home/itiro/Repos/astor-flakyrepair/samples/druid/lib/jmh-core-1.19.jar, /home/itiro/Repos/astor-flakyrepair/samples/druid/lib/leveldbjni-all-1.8.jar, /home/itiro/Repos/astor-flakyrepair/samples/druid/lib/jcl-over-slf4j-1.7.21.jar, /home/itiro/Repos/astor-flakyrepair/samples/druid/lib/jopt-simple-4.6.jar, /home/itiro/Repos/astor-flakyrepair/samples/druid/lib/hive-serde-3.1.2.jar, /home/itiro/Repos/astor-flakyrepair/samples/druid/lib/xmlenc-0.52.jar, /home/itiro/Repos/astor-flakyrepair/samples/druid/lib/hive-service-rpc-3.1.2.jar, /home/itiro/Repos/astor-flakyrepair/samples/druid/lib/lz4-1.3.0.jar, /home/itiro/Repos/astor-flakyrepair/samples/druid/lib/netty-3.7.0.Final.jar, /home/itiro/Repos/astor-flakyrepair/samples/druid/lib/asm-5.0.4.jar, /home/itiro/Repos/astor-flakyrepair/samples/druid/lib/odps-jdbc-1.6.jar, /home/itiro/Repos/astor-flakyrepair/samples/druid/lib/jetty-util-ajax-9.3.19.v20170502.jar, /home/itiro/Repos/astor-flakyrepair/samples/druid/lib/jaxb-impl-2.2.3-1.jar, /home/itiro/Repos/astor-flakyrepair/samples/druid/lib/org.abego.treelayout.core-1.0.3.jar, /home/itiro/Repos/astor-flakyrepair/samples/druid/lib/jconsole-1.8.0.jar, /home/itiro/Repos/astor-flakyrepair/samples/druid/lib/odps-sdk-core-0.18.3-public.jar, /home/itiro/Repos/astor-flakyrepair/samples/druid/lib/gson-2.2.4.jar, /home/itiro/Repos/astor-flakyrepair/samples/druid/lib/hadoop-common-2.6.0.jar, /home/itiro/Repos/astor-flakyrepair/samples/druid/lib/xml-apis-1.0.b2.jar, /home/itiro/Repos/astor-flakyrepair/samples/druid/lib/apiguardian-api-1.1.0.jar, /home/itiro/Repos/astor-flakyrepair/samples/druid/lib/osgi-resource-locator-1.0.1.jar, /home/itiro/Repos/astor-flakyrepair/samples/druid/lib/apache-jsp-9.3.20.v20170531.jar, /home/itiro/Repos/astor-flakyrepair/samples/druid/lib/dom4j-1.6.1.jar, /home/itiro/Repos/astor-flakyrepair/samples/druid/lib/jcodings-1.0.18.jar, /home/itiro/Repos/astor-flakyrepair/samples/druid/lib/hbase-prefix-tree-2.0.0-alpha4.jar, /home/itiro/Repos/astor-flakyrepair/samples/druid/lib/javolution-5.5.1.jar, /home/itiro/Repos/astor-flakyrepair/samples/druid/lib/jsp-api-2.1.jar, /home/itiro/Repos/astor-flakyrepair/samples/druid/lib/spring-aop-4.3.20.RELEASE.jar, /home/itiro/Repos/astor-flakyrepair/samples/druid/lib/mysql-connector-java-8.0.21.jar, /home/itiro/Repos/astor-flakyrepair/samples/druid/lib/hadoop-yarn-api-3.1.0.jar, /home/itiro/Repos/astor-flakyrepair/samples/druid/lib/javacsv-2.0.jar, /home/itiro/Repos/astor-flakyrepair/samples/druid/lib/ant-launcher-1.9.1.jar, /home/itiro/Repos/astor-flakyrepair/samples/druid/lib/openjdk-1.8-jconsole.jar, /home/itiro/Repos/astor-flakyrepair/samples/druid/lib/log4j-1.2.17.jar, /home/itiro/Repos/astor-flakyrepair/samples/druid/lib/guice-servlet-4.0.jar, /home/itiro/Repos/astor-flakyrepair/samples/druid/lib/jamon-runtime-2.3.1.jar, /home/itiro/Repos/astor-flakyrepair/samples/druid/lib/hbase-metrics-api-2.0.0-alpha4.jar, /home/itiro/Repos/astor-flakyrepair/samples/druid/lib/openjdk-1.8-tools.jar, /home/itiro/Repos/astor-flakyrepair/samples/druid/lib/c3p0-0.9.5.4.jar, /home/itiro/Repos/astor-flakyrepair/samples/druid/lib/netty-common-4.1.17.Final.jar, /home/itiro/Repos/astor-flakyrepair/samples/druid/lib/log4j-1.2-api-2.10.0.jar, /home/itiro/Repos/astor-flakyrepair/samples/druid/lib/javasimon-jdbc41-4.1.1.jar, /home/itiro/Repos/astor-flakyrepair/samples/druid/lib/hbase-common-2.0.0-alpha4-tests.jar, /home/itiro/Repos/astor-flakyrepair/samples/druid/lib/javasimon-javaee-4.1.1.jar, /home/itiro/Repos/astor-flakyrepair/samples/druid/lib/asm-3.1.jar, /home/itiro/Repos/astor-flakyrepair/samples/druid/lib/opencsv-2.3.jar, /home/itiro/Repos/astor-flakyrepair/samples/druid/lib/jersey-media-jaxb-2.25.1.jar, /home/itiro/Repos/astor-flakyrepair/samples/druid/lib/sqlline-1.3.0.jar, /home/itiro/Repos/astor-flakyrepair/samples/druid/lib/twill-core-0.6.0-incubating.jar, /home/itiro/Repos/astor-flakyrepair/samples/druid/lib/jackson-xc-1.8.3.jar, /home/itiro/Repos/astor-flakyrepair/samples/druid/lib/hive-upgrade-acid-3.1.2.jar, /home/itiro/Repos/astor-flakyrepair/samples/druid/lib/clickhouse-jdbc-0.2.4.jar, /home/itiro/Repos/astor-flakyrepair/samples/druid/lib/h2-1.4.199.jar, /home/itiro/Repos/astor-flakyrepair/samples/druid/lib/mchange-commons-java-0.2.15.jar, /home/itiro/Repos/astor-flakyrepair/samples/druid/lib/jetty-security-9.3.20.v20170531.jar, /home/itiro/Repos/astor-flakyrepair/samples/druid/lib/avatica-metrics-1.9.0.jar, /home/itiro/Repos/astor-flakyrepair/samples/druid/lib/mariadb-java-client-2.4.0.jar, /home/itiro/Repos/astor-flakyrepair/samples/druid/lib/commons-math3-3.2.jar, /home/itiro/Repos/astor-flakyrepair/samples/druid/lib/commons-cli-1.2.jar, /home/itiro/Repos/astor-flakyrepair/samples/druid/lib/commons-lang-2.4.jar, /home/itiro/Repos/astor-flakyrepair/samples/druid/lib/odps-sdk-commons-0.37.10-public.jar, /home/itiro/Repos/astor-flakyrepair/samples/druid/lib/checker-qual-3.5.0.jar, /home/itiro/Repos/astor-flakyrepair/samples/druid/lib/hadoop-yarn-server-applicationhistoryservice-3.1.0.jar, /home/itiro/Repos/astor-flakyrepair/samples/druid/lib/jackson-databind-2.10.0.jar, /home/itiro/Repos/astor-flakyrepair/samples/druid/lib/commons-codec-1.12.jar, /home/itiro/Repos/astor-flakyrepair/samples/druid/lib/log4j-web-2.10.0.jar, /home/itiro/Repos/astor-flakyrepair/samples/druid/lib/hive-shims-3.1.2.jar, /home/itiro/Repos/astor-flakyrepair/samples/druid/lib/apacheds-kerberos-codec-2.0.0-M15.jar, /home/itiro/Repos/astor-flakyrepair/samples/druid/lib/commons-beanutils-1.7.0.jar, /home/itiro/Repos/astor-flakyrepair/samples/druid/lib/transaction-api-1.1.jar, /home/itiro/Repos/astor-flakyrepair/samples/druid/lib/tools-1.8.0.jar, /home/itiro/Repos/astor-flakyrepair/samples/druid/lib/datanucleus-api-jdo-4.2.4.jar, /home/itiro/Repos/astor-flakyrepair/samples/druid/lib/guice-assistedinject-3.0.jar, /home/itiro/Repos/astor-flakyrepair/samples/druid/lib/hive-jdbc-3.1.2.jar, /home/itiro/Repos/astor-flakyrepair/samples/druid/lib/commons-beanutils-core-1.8.0.jar, /home/itiro/Repos/astor-flakyrepair/samples/druid/lib/mssql-jdbc-6.2.1.jre7.jar, /home/itiro/Repos/astor-flakyrepair/samples/druid/lib/javax.servlet-api-3.1.0.jar, /home/itiro/Repos/astor-flakyrepair/samples/druid/lib/oraclepki-19.3.0.0.jar, /home/itiro/Repos/astor-flakyrepair/samples/druid/lib/hive-llap-common-3.1.2-tests.jar, /home/itiro/Repos/astor-flakyrepair/samples/druid/lib/jetty-jaas-9.3.20.v20170531.jar, /home/itiro/Repos/astor-flakyrepair/samples/druid/lib/jline-2.12.jar, /home/itiro/Repos/astor-flakyrepair/samples/druid/lib/simplefan-19.3.0.0.jar, /home/itiro/Repos/astor-flakyrepair/samples/druid/lib/mybatis-spring-1.3.0.jar, /home/itiro/Repos/astor-flakyrepair/samples/druid/lib/commons-dbcp-1.4.jar, /home/itiro/Repos/astor-flakyrepair/samples/druid/lib/jandex-2.0.0.Final.jar, /home/itiro/Repos/astor-flakyrepair/samples/druid/lib/commons-configuration-1.6.jar, /home/itiro/Repos/astor-flakyrepair/samples/druid/lib/aspectjrt-1.8.9.jar, /home/itiro/Repos/astor-flakyrepair/samples/druid/lib/javax.jdo-3.2.0-m3.jar, /home/itiro/Repos/astor-flakyrepair/samples/druid/lib/curator-test-4.2.0.jar, /home/itiro/Repos/astor-flakyrepair/samples/druid/lib/apacheds-i18n-2.0.0-M15.jar, /home/itiro/Repos/astor-flakyrepair/samples/druid/lib/jetty-6.1.26.jar, /home/itiro/Repos/astor-flakyrepair/samples/druid/lib/findbugs-annotations-1.3.9-1.jar, /home/itiro/Repos/astor-flakyrepair/samples/druid/lib/geronimo-jta_1.1_spec-1.1.1.jar, /home/itiro/Repos/astor-flakyrepair/samples/druid/lib/aggdesigner-algorithm-6.0.jar, /home/itiro/Repos/astor-flakyrepair/samples/druid/lib/hibernate-c3p0-5.1.0.Final.jar, /home/itiro/Repos/astor-flakyrepair/samples/druid/lib/hive-shims-0.23-3.1.2.jar, /home/itiro/Repos/astor-flakyrepair/samples/druid/lib/datanucleus-rdbms-4.1.19.jar, /home/itiro/Repos/astor-flakyrepair/samples/druid/lib/java-util-1.9.0.jar, /home/itiro/Repos/astor-flakyrepair/samples/druid/lib/jackson-core-2.10.0.jar, /home/itiro/Repos/astor-flakyrepair/samples/druid/lib/asm-commons-5.0.1.jar, /home/itiro/Repos/astor-flakyrepair/samples/druid/lib/avro-1.7.7.jar, /home/itiro/Repos/astor-flakyrepair/samples/druid/lib/antlr-2.7.7.jar, /home/itiro/Repos/astor-flakyrepair/samples/druid/lib/osdt_core-19.3.0.0.jar, /home/itiro/Repos/astor-flakyrepair/samples/druid/lib/joda-time-2.8.1.jar, /home/itiro/Repos/astor-flakyrepair/samples/druid/lib/jackson-jaxrs-base-2.7.8.jar, /home/itiro/Repos/astor-flakyrepair/samples/druid/lib/memory-0.9.0.jar, /home/itiro/Repos/astor-flakyrepair/samples/druid/lib/commons-dbcp2-2.5.0.jar, /home/itiro/Repos/astor-flakyrepair/samples/druid/lib/joni-2.1.11.jar, /home/itiro/Repos/astor-flakyrepair/samples/druid/lib/ant-1.9.1.jar, /home/itiro/Repos/astor-flakyrepair/samples/druid/lib/spring-expression-4.3.20.RELEASE.jar, /home/itiro/Repos/astor-flakyrepair/samples/druid/lib/commons-lang3-3.8.jar, /home/itiro/Repos/astor-flakyrepair/samples/druid/lib/hadoop-annotations-2.6.0.jar, /home/itiro/Repos/astor-flakyrepair/samples/druid/lib/dnsjava-2.1.7.jar, /home/itiro/Repos/astor-flakyrepair/samples/druid/lib/paranamer-2.3.jar, /home/itiro/Repos/astor-flakyrepair/samples/druid/lib/javax.el-3.0.1-b12.jar, /home/itiro/Repos/astor-flakyrepair/samples/druid/lib/orc-shims-1.5.6.jar, /home/itiro/Repos/astor-flakyrepair/samples/druid/lib/jetty-webapp-9.3.20.v20170531.jar, /home/itiro/Repos/astor-flakyrepair/samples/druid/lib/jackson-annotations-2.10.0.jar, /home/itiro/Repos/astor-flakyrepair/samples/druid/lib/tomcat-jdbc-8.0.32.jar, /home/itiro/Repos/astor-flakyrepair/samples/druid/lib/hadoop-yarn-client-2.7.1.jar, /home/itiro/Repos/astor-flakyrepair/samples/druid/lib/protobuf-java-3.11.4.jar, /home/itiro/Repos/astor-flakyrepair/samples/druid/lib/junit-4.13.1.jar, /home/itiro/Repos/astor-flakyrepair/samples/druid/lib/javasimon-spring-4.1.1.jar, /home/itiro/Repos/astor-flakyrepair/samples/druid/lib/spring-core-4.3.20.RELEASE.jar, /home/itiro/Repos/astor-flakyrepair/samples/druid/lib/hadoop-yarn-registry-3.1.0.jar, /home/itiro/Repos/astor-flakyrepair/samples/druid/lib/jetty-util-9.3.20.v20170531.jar, /home/itiro/Repos/astor-flakyrepair/samples/druid/lib/tephra-api-0.6.0.jar, /home/itiro/Repos/astor-flakyrepair/samples/druid/lib/commons-dbutils-1.6.jar, /home/itiro/Repos/astor-flakyrepair/samples/druid/lib/hamcrest-core-1.3.jar, /home/itiro/Repos/astor-flakyrepair/samples/druid/lib/arrow-vector-0.8.0.jar, /home/itiro/Repos/astor-flakyrepair/samples/druid/lib/icu4j-58.2.jar, /home/itiro/Repos/astor-flakyrepair/samples/druid/lib/spring-orm-4.3.20.RELEASE.jar, /home/itiro/Repos/astor-flakyrepair/samples/druid/lib/hbase-metrics-2.0.0-alpha4.jar, /home/itiro/Repos/astor-flakyrepair/samples/druid/lib/j2objc-annotations-1.3.jar, /home/itiro/Repos/astor-flakyrepair/samples/druid/lib/commons-io-2.4.jar, /home/itiro/Repos/astor-flakyrepair/samples/druid/lib/httpclient-4.2.5.jar, /home/itiro/Repos/astor-flakyrepair/samples/druid/lib/commons-collections-3.2.1.jar, /home/itiro/Repos/astor-flakyrepair/samples/druid/lib/libfb303-0.9.3.jar, /home/itiro/Repos/astor-flakyrepair/samples/druid/lib/fst-2.50.jar, /home/itiro/Repos/astor-flakyrepair/samples/druid/lib/hbase-http-2.0.0-alpha4.jar, /home/itiro/Repos/astor-flakyrepair/samples/druid/lib/jasper-compiler-5.5.23.jar, /home/itiro/Repos/astor-flakyrepair/samples/druid/lib/spring-ibatis-2.0.8.jar, /home/itiro/Repos/astor-flakyrepair/samples/druid/lib/jsr305-3.0.2.jar, /home/itiro/Repos/astor-flakyrepair/samples/druid/lib/jconsole-1.8.jar, /home/itiro/Repos/astor-flakyrepair/samples/druid/lib/jmh-generator-annprocess-1.19.jar, /home/itiro/Repos/astor-flakyrepair/samples/druid/lib/bonecp-spring-0.8.0.RELEASE.jar, /home/itiro/Repos/astor-flakyrepair/samples/druid/lib/dubbo-2.5.3.jar, /home/itiro/Repos/astor-flakyrepair/samples/druid/lib/api-util-1.0.0-M20.jar, /home/itiro/Repos/astor-flakyrepair/samples/druid/lib/jaxb-api-2.3.0.jar, /home/itiro/Repos/astor-flakyrepair/samples/druid/lib/javax.inject-2.5.0-b32.jar, /home/itiro/Repos/astor-flakyrepair/samples/druid/lib/janino-3.0.11.jar, /home/itiro/Repos/astor-flakyrepair/samples/druid/lib/commons-pool-1.5.4.jar, /home/itiro/Repos/astor-flakyrepair/samples/druid/lib/jetty-annotations-9.3.20.v20170531.jar, /home/itiro/Repos/astor-flakyrepair/samples/druid/lib/netty-all-4.1.17.Final.jar, /home/itiro/Repos/astor-flakyrepair/samples/druid/lib/spring-jdbc-4.3.20.RELEASE.jar, /home/itiro/Repos/astor-flakyrepair/samples/druid/lib/hive-classification-3.1.2.jar, /home/itiro/Repos/astor-flakyrepair/samples/druid/lib/commons-httpclient-3.1.jar]
Spoon Model built from location: /home/itiro/Repos/astor-flakyrepair/samples/druid/src/main/java:/home/itiro/Repos/astor-flakyrepair/samples/druid/src/test/java
Number of CtTypes created: 1390
[/home/itiro/Repos/astor-flakyrepair/samples/druid/target/test-classes, /home/itiro/Repos/astor-flakyrepair/samples/druid/target/classes]
Classpath [file:/home/itiro/Repos/astor-flakyrepair/samples/druid/target/test-classes/, file:/home/itiro/Repos/astor-flakyrepair/samples/druid/target/classes/, file:/home/itiro/Repos/astor-flakyrepair/samples/druid/lib/, file:/home/itiro/Repos/astor-flakyrepair/samples/druid/lib/netty-buffer-4.1.17.Final.jar, file:/home/itiro/Repos/astor-flakyrepair/samples/druid/lib/jersey-guice-1.19.jar, file:/home/itiro/Repos/astor-flakyrepair/samples/druid/lib/hadoop-mapreduce-client-core-2.7.1.jar, file:/home/itiro/Repos/astor-flakyrepair/samples/druid/lib/metrics-core-3.1.0.jar, file:/home/itiro/Repos/astor-flakyrepair/samples/druid/lib/jasper-runtime-5.5.23.jar, file:/home/itiro/Repos/astor-flakyrepair/samples/druid/lib/commons-compress-1.9.jar, file:/home/itiro/Repos/astor-flakyrepair/samples/druid/lib/jackson-jaxrs-1.8.3.jar, file:/home/itiro/Repos/astor-flakyrepair/samples/druid/lib/commons-logging-1.2.jar, file:/home/itiro/Repos/astor-flakyrepair/samples/druid/lib/quartz-2.3.2.jar, file:/home/itiro/Repos/astor-flakyrepair/samples/druid/lib/commons-digester-1.8.jar, file:/home/itiro/Repos/astor-flakyrepair/samples/druid/lib/jersey-client-1.19.jar, file:/home/itiro/Repos/astor-flakyrepair/samples/druid/lib/calcite-linq4j-1.26.0.jar, file:/home/itiro/Repos/astor-flakyrepair/samples/druid/lib/commons-daemon-1.0.13.jar, file:/home/itiro/Repos/astor-flakyrepair/samples/druid/lib/javax.servlet.jsp-api-2.3.1.jar, file:/home/itiro/Repos/astor-flakyrepair/samples/druid/lib/c3p0-0.9.1.2.jar, file:/home/itiro/Repos/astor-flakyrepair/samples/druid/lib/websocket-client-9.3.20.v20170531.jar, file:/home/itiro/Repos/astor-flakyrepair/samples/druid/lib/jersey-server-1.9.jar, file:/home/itiro/Repos/astor-flakyrepair/samples/druid/lib/hive-common-3.1.2.jar, file:/home/itiro/Repos/astor-flakyrepair/samples/druid/lib/kylin-jdbc-2.0.0.jar, file:/home/itiro/Repos/astor-flakyrepair/samples/druid/lib/commons-compiler-3.0.11.jar, file:/home/itiro/Repos/astor-flakyrepair/samples/druid/lib/esri-geometry-api-2.2.0.jar, file:/home/itiro/Repos/astor-flakyrepair/samples/druid/lib/tephra-core-0.6.0.jar, file:/home/itiro/Repos/astor-flakyrepair/samples/druid/lib/hbase-shaded-netty-1.0.1.jar, file:/home/itiro/Repos/astor-flakyrepair/samples/druid/lib/nutz-1.r.55.jar, file:/home/itiro/Repos/astor-flakyrepair/samples/druid/lib/hbase-common-2.0.0-alpha4.jar, file:/home/itiro/Repos/astor-flakyrepair/samples/druid/lib/jersey-container-servlet-core-2.25.1.jar, file:/home/itiro/Repos/astor-flakyrepair/samples/druid/lib/tomcat-juli-8.0.32.jar, file:/home/itiro/Repos/astor-flakyrepair/samples/druid/lib/audience-annotations-0.5.0.jar, file:/home/itiro/Repos/astor-flakyrepair/samples/druid/lib/jetty-util-6.1.26.jar, file:/home/itiro/Repos/astor-flakyrepair/samples/druid/lib/commons-crypto-1.0.0.jar, file:/home/itiro/Repos/astor-flakyrepair/samples/druid/lib/jetty-client-9.3.20.v20170531.jar, file:/home/itiro/Repos/astor-flakyrepair/samples/druid/lib/odps-sdk-udf-0.37.10-public.jar, file:/home/itiro/Repos/astor-flakyrepair/samples/druid/lib/zookeeper-3.4.6.jar, file:/home/itiro/Repos/astor-flakyrepair/samples/druid/lib/metrics-jvm-3.1.0.jar, file:/home/itiro/Repos/astor-flakyrepair/samples/druid/lib/jets3t-0.9.0.jar, file:/home/itiro/Repos/astor-flakyrepair/samples/druid/lib/spring-web-4.3.20.RELEASE.jar, file:/home/itiro/Repos/astor-flakyrepair/samples/druid/lib/jetty-xml-9.3.20.v20170531.jar, file:/home/itiro/Repos/astor-flakyrepair/samples/druid/lib/commons-net-3.1.jar, file:/home/itiro/Repos/astor-flakyrepair/samples/druid/lib/jersey-guava-2.25.1.jar, file:/home/itiro/Repos/astor-flakyrepair/samples/druid/lib/arrow-memory-0.8.0.jar, file:/home/itiro/Repos/astor-flakyrepair/samples/druid/lib/jersey-server-2.25.1.jar, file:/home/itiro/Repos/astor-flakyrepair/samples/druid/lib/hive-llap-tez-3.1.2.jar, file:/home/itiro/Repos/astor-flakyrepair/samples/druid/lib/hadoop-mapreduce-client-app-2.7.1.jar, file:/home/itiro/Repos/astor-flakyrepair/samples/druid/lib/json-smart-2.3.jar, file:/home/itiro/Repos/astor-flakyrepair/samples/druid/lib/ojdbc8-19.3.0.0.jar, file:/home/itiro/Repos/astor-flakyrepair/samples/druid/lib/json-1.8.jar, file:/home/itiro/Repos/astor-flakyrepair/samples/druid/lib/hibernate-commons-annotations-5.0.1.Final.jar, file:/home/itiro/Repos/astor-flakyrepair/samples/druid/lib/twill-api-0.6.0-incubating.jar, file:/home/itiro/Repos/astor-flakyrepair/samples/druid/lib/hive-metastore-3.1.2.jar, file:/home/itiro/Repos/astor-flakyrepair/samples/druid/lib/hbase-hadoop-compat-2.0.0-alpha4.jar, file:/home/itiro/Repos/astor-flakyrepair/samples/druid/lib/websocket-common-9.3.20.v20170531.jar, file:/home/itiro/Repos/astor-flakyrepair/samples/druid/lib/hbase-hadoop2-compat-2.0.0-alpha4.jar, file:/home/itiro/Repos/astor-flakyrepair/samples/druid/lib/postgresql-42.2.18.jar, file:/home/itiro/Repos/astor-flakyrepair/samples/druid/lib/log4j-slf4j-impl-2.10.0.jar, file:/home/itiro/Repos/astor-flakyrepair/samples/druid/lib/jersey-common-2.25.1.jar, file:/home/itiro/Repos/astor-flakyrepair/samples/druid/lib/aopalliance-1.0.jar, file:/home/itiro/Repos/astor-flakyrepair/samples/druid/lib/antlr-runtime-3.5.2.jar, file:/home/itiro/Repos/astor-flakyrepair/samples/druid/lib/jpam-1.1.jar, file:/home/itiro/Repos/astor-flakyrepair/samples/druid/lib/sketches-core-0.9.0.jar, file:/home/itiro/Repos/astor-flakyrepair/samples/druid/lib/javax.servlet.jsp-2.3.2.jar, file:/home/itiro/Repos/astor-flakyrepair/samples/druid/lib/ibatis-sqlmap-2.3.4.726.jar, file:/home/itiro/Repos/astor-flakyrepair/samples/druid/lib/twill-discovery-core-0.6.0-incubating.jar, file:/home/itiro/Repos/astor-flakyrepair/samples/druid/lib/javax.json-1.0.4.jar, file:/home/itiro/Repos/astor-flakyrepair/samples/druid/lib/jettison-1.1.jar, file:/home/itiro/Repos/astor-flakyrepair/samples/druid/lib/mybatis-3.4.0.jar, file:/home/itiro/Repos/astor-flakyrepair/samples/druid/lib/commons-collections4-4.1.jar, file:/home/itiro/Repos/astor-flakyrepair/samples/druid/lib/taglibs-standard-impl-1.2.5.jar, file:/home/itiro/Repos/astor-flakyrepair/samples/druid/lib/commons-el-1.0.jar, file:/home/itiro/Repos/astor-flakyrepair/samples/druid/lib/websocket-server-9.3.20.v20170531.jar, file:/home/itiro/Repos/astor-flakyrepair/samples/druid/lib/slf4j-log4j12-1.7.9.jar, file:/home/itiro/Repos/astor-flakyrepair/samples/druid/lib/bcprov-jdk15on-1.52.jar, file:/home/itiro/Repos/astor-flakyrepair/samples/druid/lib/hive-shims-common-3.1.2.jar, file:/home/itiro/Repos/astor-flakyrepair/samples/druid/lib/jsch-0.1.42.jar, file:/home/itiro/Repos/astor-flakyrepair/samples/druid/lib/flatbuffers-1.2.0-3f79e055.jar, file:/home/itiro/Repos/astor-flakyrepair/samples/druid/lib/slf4j-api-1.7.9.jar, file:/home/itiro/Repos/astor-flakyrepair/samples/druid/lib/error_prone_annotations-2.3.4.jar, file:/home/itiro/Repos/astor-flakyrepair/samples/druid/lib/jetty-server-9.3.20.v20170531.jar, file:/home/itiro/Repos/astor-flakyrepair/samples/druid/lib/javax.annotation-api-1.2.jar, file:/home/itiro/Repos/astor-flakyrepair/samples/druid/lib/hadoop-mapreduce-client-jobclient-2.7.1.jar, file:/home/itiro/Repos/astor-flakyrepair/samples/druid/lib/orc-core-1.5.6.jar, file:/home/itiro/Repos/astor-flakyrepair/samples/druid/lib/jersey-core-1.9.jar, file:/home/itiro/Repos/astor-flakyrepair/samples/druid/lib/aircompressor-0.10.jar, file:/home/itiro/Repos/astor-flakyrepair/samples/druid/lib/asm-tree-5.0.1.jar, file:/home/itiro/Repos/astor-flakyrepair/samples/druid/lib/netty-3.2.5.Final.jar, file:/home/itiro/Repos/astor-flakyrepair/samples/druid/lib/hk2-api-2.5.0-b32.jar, file:/home/itiro/Repos/astor-flakyrepair/samples/druid/lib/geronimo-jcache_1.0_spec-1.0-alpha-1.jar, file:/home/itiro/Repos/astor-flakyrepair/samples/druid/lib/fastjson-1.2.73.jar, file:/home/itiro/Repos/astor-flakyrepair/samples/druid/lib/spring-test-4.3.20.RELEASE.jar, file:/home/itiro/Repos/astor-flakyrepair/samples/druid/lib/hbase-server-2.0.0-alpha4.jar, file:/home/itiro/Repos/astor-flakyrepair/samples/druid/lib/hadoop-yarn-server-web-proxy-3.1.0.jar, file:/home/itiro/Repos/astor-flakyrepair/samples/druid/lib/apache-jstl-9.3.20.v20170531.jar, file:/home/itiro/Repos/astor-flakyrepair/samples/druid/lib/hbase-protocol-shaded-2.0.0-alpha4.jar, file:/home/itiro/Repos/astor-flakyrepair/samples/druid/lib/hadoop-client-2.7.1.jar, file:/home/itiro/Repos/astor-flakyrepair/samples/druid/lib/hadoop-distcp-2.7.1.jar, file:/home/itiro/Repos/astor-flakyrepair/samples/druid/lib/websocket-api-9.3.20.v20170531.jar, file:/home/itiro/Repos/astor-flakyrepair/samples/druid/lib/snappy-java-1.1.1.6.jar, file:/home/itiro/Repos/astor-flakyrepair/samples/druid/lib/hive-storage-api-2.7.0.jar, file:/home/itiro/Repos/astor-flakyrepair/samples/druid/lib/hive-standalone-metastore-3.1.2.jar, file:/home/itiro/Repos/astor-flakyrepair/samples/druid/lib/spring-dao-2.0.8.jar, file:/home/itiro/Repos/astor-flakyrepair/samples/druid/lib/hk2-utils-2.5.0-b32.jar, file:/home/itiro/Repos/astor-flakyrepair/samples/druid/lib/javasimon-core-4.1.1.jar, file:/home/itiro/Repos/astor-flakyrepair/samples/druid/lib/ST4-4.0.8.jar, file:/home/itiro/Repos/astor-flakyrepair/samples/druid/lib/ehcache-3.3.1.jar, file:/home/itiro/Repos/astor-flakyrepair/samples/druid/lib/hadoop-yarn-server-common-3.1.0.jar, file:/home/itiro/Repos/astor-flakyrepair/samples/druid/lib/snakeyaml-1.24.jar, file:/home/itiro/Repos/astor-flakyrepair/samples/druid/lib/calcite-core-1.26.0.jar, file:/home/itiro/Repos/astor-flakyrepair/samples/druid/lib/hive-shims-scheduler-3.1.2.jar, file:/home/itiro/Repos/astor-flakyrepair/samples/druid/lib/jetty-rewrite-9.3.20.v20170531.jar, file:/home/itiro/Repos/astor-flakyrepair/samples/druid/lib/jdo-api-3.0.1.jar, file:/home/itiro/Repos/astor-flakyrepair/samples/druid/lib/websocket-servlet-9.3.20.v20170531.jar, file:/home/itiro/Repos/astor-flakyrepair/samples/druid/lib/twill-zookeeper-0.6.0-incubating.jar, file:/home/itiro/Repos/astor-flakyrepair/samples/druid/lib/hbase-shaded-protobuf-1.0.1.jar, file:/home/itiro/Repos/astor-flakyrepair/samples/druid/lib/hive-llap-client-3.1.2.jar, file:/home/itiro/Repos/astor-flakyrepair/samples/druid/lib/hive-llap-server-3.1.2.jar, file:/home/itiro/Repos/astor-flakyrepair/samples/druid/lib/httpcore-4.4.4.jar, file:/home/itiro/Repos/astor-flakyrepair/samples/druid/lib/disruptor-3.3.6.jar, file:/home/itiro/Repos/astor-flakyrepair/samples/druid/lib/avatica-core-1.9.0.jar, file:/home/itiro/Repos/astor-flakyrepair/samples/druid/lib/validation-api-1.1.0.Final.jar, file:/home/itiro/Repos/astor-flakyrepair/samples/druid/lib/hive-llap-common-3.1.2.jar, file:/home/itiro/Repos/astor-flakyrepair/samples/druid/lib/arrow-format-0.8.0.jar, file:/home/itiro/Repos/astor-flakyrepair/samples/druid/lib/htrace-core-3.0.4.jar, file:/home/itiro/Repos/astor-flakyrepair/samples/druid/lib/hadoop-yarn-common-3.1.0.jar, file:/home/itiro/Repos/astor-flakyrepair/samples/druid/lib/aopalliance-repackaged-2.5.0-b32.jar, file:/home/itiro/Repos/astor-flakyrepair/samples/druid/lib/libthrift-0.9.3.jar, file:/home/itiro/Repos/astor-flakyrepair/samples/druid/lib/curator-recipes-4.2.0.jar, file:/home/itiro/Repos/astor-flakyrepair/samples/druid/lib/jetty-schemas-3.1.jar, file:/home/itiro/Repos/astor-flakyrepair/samples/druid/lib/javassist-3.20.0-GA.jar, file:/home/itiro/Repos/astor-flakyrepair/samples/druid/lib/jboss-logging-3.3.0.Final.jar, file:/home/itiro/Repos/astor-flakyrepair/samples/druid/lib/hive-service-3.1.2.jar, file:/home/itiro/Repos/astor-flakyrepair/samples/druid/lib/hbase-procedure-2.0.0-alpha4.jar, file:/home/itiro/Repos/astor-flakyrepair/samples/druid/lib/listenablefuture-9999.0-empty-to-avoid-conflict-with-guava.jar, file:/home/itiro/Repos/astor-flakyrepair/samples/druid/lib/javax.ws.rs-api-2.0.1.jar, file:/home/itiro/Repos/astor-flakyrepair/samples/druid/lib/hbase-client-2.0.0-alpha4.jar, file:/home/itiro/Repos/astor-flakyrepair/samples/druid/lib/json-path-2.4.0.jar, file:/home/itiro/Repos/astor-flakyrepair/samples/druid/lib/calcite-druid-1.26.0.jar, file:/home/itiro/Repos/astor-flakyrepair/samples/druid/lib/jetty-plus-9.3.20.v20170531.jar, file:/home/itiro/Repos/astor-flakyrepair/samples/druid/lib/jersey-json-1.9.jar, file:/home/itiro/Repos/astor-flakyrepair/samples/druid/lib/guice-3.0.jar, file:/home/itiro/Repos/astor-flakyrepair/samples/druid/lib/jackson-module-jaxb-annotations-2.7.8.jar, file:/home/itiro/Repos/astor-flakyrepair/samples/druid/lib/failureaccess-1.0.1.jar, file:/home/itiro/Repos/astor-flakyrepair/samples/druid/lib/guava-30.1-jre.jar, file:/home/itiro/Repos/astor-flakyrepair/samples/druid/lib/dropwizard-metrics-hadoop-metrics2-reporter-0.1.2.jar, file:/home/itiro/Repos/astor-flakyrepair/samples/druid/lib/jackson-jaxrs-json-provider-2.7.8.jar, file:/home/itiro/Repos/astor-flakyrepair/samples/druid/lib/hadoop-hdfs-2.2.0.jar, file:/home/itiro/Repos/astor-flakyrepair/samples/druid/lib/jackson-mapper-asl-1.9.13.jar, file:/home/itiro/Repos/astor-flakyrepair/samples/druid/lib/osdt_cert-19.3.0.0.jar, file:/home/itiro/Repos/astor-flakyrepair/samples/druid/lib/spring-beans-4.3.20.RELEASE.jar, file:/home/itiro/Repos/astor-flakyrepair/samples/druid/lib/trino-jdbc-352.jar, file:/home/itiro/Repos/astor-flakyrepair/samples/druid/lib/classmate-1.3.0.jar, file:/home/itiro/Repos/astor-flakyrepair/samples/druid/lib/hbase-replication-2.0.0-alpha4.jar, file:/home/itiro/Repos/astor-flakyrepair/samples/druid/lib/servlet-api-2.5.jar, file:/home/itiro/Repos/astor-flakyrepair/samples/druid/lib/bonecp-0.8.0.RELEASE.jar, file:/home/itiro/Repos/astor-flakyrepair/samples/druid/lib/hibernate-core-5.1.0.Final.jar, file:/home/itiro/Repos/astor-flakyrepair/samples/druid/lib/jta-1.1.jar, file:/home/itiro/Repos/astor-flakyrepair/samples/druid/lib/spring-context-4.3.20.RELEASE.jar, file:/home/itiro/Repos/astor-flakyrepair/samples/druid/lib/commons-pool2-2.6.0.jar, file:/home/itiro/Repos/astor-flakyrepair/samples/druid/lib/hbase-shaded-miscellaneous-1.0.1.jar, file:/home/itiro/Repos/astor-flakyrepair/samples/druid/lib/htrace-core-3.2.0-incubating.jar, file:/home/itiro/Repos/astor-flakyrepair/samples/druid/lib/hk2-locator-2.5.0-b32.jar, file:/home/itiro/Repos/astor-flakyrepair/samples/druid/lib/jackson-core-asl-1.9.13.jar, file:/home/itiro/Repos/astor-flakyrepair/samples/druid/lib/curator-framework-4.2.0.jar, file:/home/itiro/Repos/astor-flakyrepair/samples/druid/lib/twill-discovery-api-0.6.0-incubating.jar, file:/home/itiro/Repos/astor-flakyrepair/samples/druid/lib/fastutil-6.5.6.jar, file:/home/itiro/Repos/astor-flakyrepair/samples/druid/lib/httpmime-4.5.2.jar, file:/home/itiro/Repos/astor-flakyrepair/samples/druid/lib/taglibs-standard-spec-1.2.5.jar, file:/home/itiro/Repos/astor-flakyrepair/samples/druid/lib/twill-common-0.6.0-incubating.jar, file:/home/itiro/Repos/astor-flakyrepair/samples/druid/lib/hbase-protocol-2.0.0-alpha4.jar, file:/home/itiro/Repos/astor-flakyrepair/samples/druid/lib/hadoop-mapreduce-client-shuffle-2.7.1.jar, file:/home/itiro/Repos/astor-flakyrepair/samples/druid/lib/hadoop-yarn-server-resourcemanager-3.1.0.jar, file:/home/itiro/Repos/astor-flakyrepair/samples/druid/lib/parquet-hadoop-bundle-1.10.0.jar, file:/home/itiro/Repos/astor-flakyrepair/samples/druid/lib/jtds-1.3.0.jar, file:/home/itiro/Repos/astor-flakyrepair/samples/druid/lib/jdk.tools-1.6.jar, file:/home/itiro/Repos/astor-flakyrepair/samples/druid/lib/spring-2.5.6.SEC03.jar, file:/home/itiro/Repos/astor-flakyrepair/samples/druid/lib/antlr4-4.7.jar, file:/home/itiro/Repos/astor-flakyrepair/samples/druid/lib/hadoop-auth-2.7.1.jar, file:/home/itiro/Repos/astor-flakyrepair/samples/druid/lib/jetty-servlet-9.3.20.v20170531.jar, file:/home/itiro/Repos/astor-flakyrepair/samples/druid/lib/jetty-runner-9.3.20.v20170531.jar, file:/home/itiro/Repos/astor-flakyrepair/samples/druid/lib/simple-jndi-0.11.4.1.jar, file:/home/itiro/Repos/astor-flakyrepair/samples/druid/lib/hibernate-jpa-2.1-api-1.0.0.Final.jar, file:/home/itiro/Repos/astor-flakyrepair/samples/druid/lib/jersey-servlet-1.19.jar, file:/home/itiro/Repos/astor-flakyrepair/samples/druid/lib/ecj-4.4.2.jar, file:/home/itiro/Repos/astor-flakyrepair/samples/druid/lib/javax.inject-1.jar, file:/home/itiro/Repos/astor-flakyrepair/samples/druid/lib/jetty-io-9.3.20.v20170531.jar, file:/home/itiro/Repos/astor-flakyrepair/samples/druid/lib/metrics-json-3.1.0.jar, file:/home/itiro/Repos/astor-flakyrepair/samples/druid/lib/datanucleus-core-4.1.17.jar, file:/home/itiro/Repos/astor-flakyrepair/samples/druid/lib/tools-1.8.jar, file:/home/itiro/Repos/astor-flakyrepair/samples/druid/lib/jetty-http-9.3.20.v20170531.jar, file:/home/itiro/Repos/astor-flakyrepair/samples/druid/lib/derby-10.12.1.1.jar, file:/home/itiro/Repos/astor-flakyrepair/samples/druid/lib/curator-client-4.2.0.jar, file:/home/itiro/Repos/astor-flakyrepair/samples/druid/lib/hppc-0.7.2.jar, file:/home/itiro/Repos/astor-flakyrepair/samples/druid/lib/HikariCP-java7-2.4.13.jar, file:/home/itiro/Repos/astor-flakyrepair/samples/druid/lib/jackson-dataformat-yaml-2.10.0.jar, file:/home/itiro/Repos/astor-flakyrepair/samples/druid/lib/hbase-mapreduce-2.0.0-alpha4.jar, file:/home/itiro/Repos/astor-flakyrepair/samples/druid/lib/uzaygezen-core-0.2.jar, file:/home/itiro/Repos/astor-flakyrepair/samples/druid/lib/java-xmlbuilder-0.4.jar, file:/home/itiro/Repos/astor-flakyrepair/samples/druid/lib/json-io-2.5.1.jar, file:/home/itiro/Repos/astor-flakyrepair/samples/druid/lib/hadoop-mapreduce-client-common-2.7.1.jar, file:/home/itiro/Repos/astor-flakyrepair/samples/druid/lib/jetty-jndi-9.3.20.v20170531.jar, file:/home/itiro/Repos/astor-flakyrepair/samples/druid/lib/tephra-hbase-compat-1.0-0.6.0.jar, file:/home/itiro/Repos/astor-flakyrepair/samples/druid/lib/jersey-client-2.25.1.jar, file:/home/itiro/Repos/astor-flakyrepair/samples/druid/lib/HikariCP-2.6.1.jar, file:/home/itiro/Repos/astor-flakyrepair/samples/druid/lib/spring-webmvc-4.3.20.RELEASE.jar, file:/home/itiro/Repos/astor-flakyrepair/samples/druid/lib/spring-tx-4.3.20.RELEASE.jar, file:/home/itiro/Repos/astor-flakyrepair/samples/druid/lib/api-asn1-api-1.0.0-M20.jar, file:/home/itiro/Repos/astor-flakyrepair/samples/druid/lib/ons-19.3.0.0.jar, file:/home/itiro/Repos/astor-flakyrepair/samples/druid/lib/ucp-19.3.0.0.jar, file:/home/itiro/Repos/astor-flakyrepair/samples/druid/lib/log4j-api-2.13.2.jar, file:/home/itiro/Repos/astor-flakyrepair/samples/druid/lib/accessors-smart-1.2.jar, file:/home/itiro/Repos/astor-flakyrepair/samples/druid/lib/antlr4-runtime-4.7.jar, file:/home/itiro/Repos/astor-flakyrepair/samples/druid/lib/log4j-core-2.17.0.jar, file:/home/itiro/Repos/astor-flakyrepair/samples/druid/lib/jmh-core-1.19.jar, file:/home/itiro/Repos/astor-flakyrepair/samples/druid/lib/leveldbjni-all-1.8.jar, file:/home/itiro/Repos/astor-flakyrepair/samples/druid/lib/jcl-over-slf4j-1.7.21.jar, file:/home/itiro/Repos/astor-flakyrepair/samples/druid/lib/jopt-simple-4.6.jar, file:/home/itiro/Repos/astor-flakyrepair/samples/druid/lib/hive-serde-3.1.2.jar, file:/home/itiro/Repos/astor-flakyrepair/samples/druid/lib/xmlenc-0.52.jar, file:/home/itiro/Repos/astor-flakyrepair/samples/druid/lib/hive-service-rpc-3.1.2.jar, file:/home/itiro/Repos/astor-flakyrepair/samples/druid/lib/lz4-1.3.0.jar, file:/home/itiro/Repos/astor-flakyrepair/samples/druid/lib/netty-3.7.0.Final.jar, file:/home/itiro/Repos/astor-flakyrepair/samples/druid/lib/asm-5.0.4.jar, file:/home/itiro/Repos/astor-flakyrepair/samples/druid/lib/odps-jdbc-1.6.jar, file:/home/itiro/Repos/astor-flakyrepair/samples/druid/lib/jetty-util-ajax-9.3.19.v20170502.jar, file:/home/itiro/Repos/astor-flakyrepair/samples/druid/lib/jaxb-impl-2.2.3-1.jar, file:/home/itiro/Repos/astor-flakyrepair/samples/druid/lib/org.abego.treelayout.core-1.0.3.jar, file:/home/itiro/Repos/astor-flakyrepair/samples/druid/lib/jconsole-1.8.0.jar, file:/home/itiro/Repos/astor-flakyrepair/samples/druid/lib/odps-sdk-core-0.18.3-public.jar, file:/home/itiro/Repos/astor-flakyrepair/samples/druid/lib/gson-2.2.4.jar, file:/home/itiro/Repos/astor-flakyrepair/samples/druid/lib/hadoop-common-2.6.0.jar, file:/home/itiro/Repos/astor-flakyrepair/samples/druid/lib/xml-apis-1.0.b2.jar, file:/home/itiro/Repos/astor-flakyrepair/samples/druid/lib/apiguardian-api-1.1.0.jar, file:/home/itiro/Repos/astor-flakyrepair/samples/druid/lib/osgi-resource-locator-1.0.1.jar, file:/home/itiro/Repos/astor-flakyrepair/samples/druid/lib/apache-jsp-9.3.20.v20170531.jar, file:/home/itiro/Repos/astor-flakyrepair/samples/druid/lib/dom4j-1.6.1.jar, file:/home/itiro/Repos/astor-flakyrepair/samples/druid/lib/jcodings-1.0.18.jar, file:/home/itiro/Repos/astor-flakyrepair/samples/druid/lib/hbase-prefix-tree-2.0.0-alpha4.jar, file:/home/itiro/Repos/astor-flakyrepair/samples/druid/lib/javolution-5.5.1.jar, file:/home/itiro/Repos/astor-flakyrepair/samples/druid/lib/jsp-api-2.1.jar, file:/home/itiro/Repos/astor-flakyrepair/samples/druid/lib/spring-aop-4.3.20.RELEASE.jar, file:/home/itiro/Repos/astor-flakyrepair/samples/druid/lib/mysql-connector-java-8.0.21.jar, file:/home/itiro/Repos/astor-flakyrepair/samples/druid/lib/hadoop-yarn-api-3.1.0.jar, file:/home/itiro/Repos/astor-flakyrepair/samples/druid/lib/javacsv-2.0.jar, file:/home/itiro/Repos/astor-flakyrepair/samples/druid/lib/ant-launcher-1.9.1.jar, file:/home/itiro/Repos/astor-flakyrepair/samples/druid/lib/openjdk-1.8-jconsole.jar, file:/home/itiro/Repos/astor-flakyrepair/samples/druid/lib/log4j-1.2.17.jar, file:/home/itiro/Repos/astor-flakyrepair/samples/druid/lib/guice-servlet-4.0.jar, file:/home/itiro/Repos/astor-flakyrepair/samples/druid/lib/jamon-runtime-2.3.1.jar, file:/home/itiro/Repos/astor-flakyrepair/samples/druid/lib/hbase-metrics-api-2.0.0-alpha4.jar, file:/home/itiro/Repos/astor-flakyrepair/samples/druid/lib/openjdk-1.8-tools.jar, file:/home/itiro/Repos/astor-flakyrepair/samples/druid/lib/c3p0-0.9.5.4.jar, file:/home/itiro/Repos/astor-flakyrepair/samples/druid/lib/netty-common-4.1.17.Final.jar, file:/home/itiro/Repos/astor-flakyrepair/samples/druid/lib/log4j-1.2-api-2.10.0.jar, file:/home/itiro/Repos/astor-flakyrepair/samples/druid/lib/javasimon-jdbc41-4.1.1.jar, file:/home/itiro/Repos/astor-flakyrepair/samples/druid/lib/hbase-common-2.0.0-alpha4-tests.jar, file:/home/itiro/Repos/astor-flakyrepair/samples/druid/lib/javasimon-javaee-4.1.1.jar, file:/home/itiro/Repos/astor-flakyrepair/samples/druid/lib/asm-3.1.jar, file:/home/itiro/Repos/astor-flakyrepair/samples/druid/lib/opencsv-2.3.jar, file:/home/itiro/Repos/astor-flakyrepair/samples/druid/lib/jersey-media-jaxb-2.25.1.jar, file:/home/itiro/Repos/astor-flakyrepair/samples/druid/lib/sqlline-1.3.0.jar, file:/home/itiro/Repos/astor-flakyrepair/samples/druid/lib/twill-core-0.6.0-incubating.jar, file:/home/itiro/Repos/astor-flakyrepair/samples/druid/lib/jackson-xc-1.8.3.jar, file:/home/itiro/Repos/astor-flakyrepair/samples/druid/lib/hive-upgrade-acid-3.1.2.jar, file:/home/itiro/Repos/astor-flakyrepair/samples/druid/lib/clickhouse-jdbc-0.2.4.jar, file:/home/itiro/Repos/astor-flakyrepair/samples/druid/lib/h2-1.4.199.jar, file:/home/itiro/Repos/astor-flakyrepair/samples/druid/lib/mchange-commons-java-0.2.15.jar, file:/home/itiro/Repos/astor-flakyrepair/samples/druid/lib/jetty-security-9.3.20.v20170531.jar, file:/home/itiro/Repos/astor-flakyrepair/samples/druid/lib/avatica-metrics-1.9.0.jar, file:/home/itiro/Repos/astor-flakyrepair/samples/druid/lib/mariadb-java-client-2.4.0.jar, file:/home/itiro/Repos/astor-flakyrepair/samples/druid/lib/commons-math3-3.2.jar, file:/home/itiro/Repos/astor-flakyrepair/samples/druid/lib/commons-cli-1.2.jar, file:/home/itiro/Repos/astor-flakyrepair/samples/druid/lib/commons-lang-2.4.jar, file:/home/itiro/Repos/astor-flakyrepair/samples/druid/lib/odps-sdk-commons-0.37.10-public.jar, file:/home/itiro/Repos/astor-flakyrepair/samples/druid/lib/checker-qual-3.5.0.jar, file:/home/itiro/Repos/astor-flakyrepair/samples/druid/lib/hadoop-yarn-server-applicationhistoryservice-3.1.0.jar, file:/home/itiro/Repos/astor-flakyrepair/samples/druid/lib/jackson-databind-2.10.0.jar, file:/home/itiro/Repos/astor-flakyrepair/samples/druid/lib/commons-codec-1.12.jar, file:/home/itiro/Repos/astor-flakyrepair/samples/druid/lib/log4j-web-2.10.0.jar, file:/home/itiro/Repos/astor-flakyrepair/samples/druid/lib/hive-shims-3.1.2.jar, file:/home/itiro/Repos/astor-flakyrepair/samples/druid/lib/apacheds-kerberos-codec-2.0.0-M15.jar, file:/home/itiro/Repos/astor-flakyrepair/samples/druid/lib/commons-beanutils-1.7.0.jar, file:/home/itiro/Repos/astor-flakyrepair/samples/druid/lib/transaction-api-1.1.jar, file:/home/itiro/Repos/astor-flakyrepair/samples/druid/lib/tools-1.8.0.jar, file:/home/itiro/Repos/astor-flakyrepair/samples/druid/lib/datanucleus-api-jdo-4.2.4.jar, file:/home/itiro/Repos/astor-flakyrepair/samples/druid/lib/guice-assistedinject-3.0.jar, file:/home/itiro/Repos/astor-flakyrepair/samples/druid/lib/hive-jdbc-3.1.2.jar, file:/home/itiro/Repos/astor-flakyrepair/samples/druid/lib/commons-beanutils-core-1.8.0.jar, file:/home/itiro/Repos/astor-flakyrepair/samples/druid/lib/mssql-jdbc-6.2.1.jre7.jar, file:/home/itiro/Repos/astor-flakyrepair/samples/druid/lib/javax.servlet-api-3.1.0.jar, file:/home/itiro/Repos/astor-flakyrepair/samples/druid/lib/oraclepki-19.3.0.0.jar, file:/home/itiro/Repos/astor-flakyrepair/samples/druid/lib/hive-llap-common-3.1.2-tests.jar, file:/home/itiro/Repos/astor-flakyrepair/samples/druid/lib/jetty-jaas-9.3.20.v20170531.jar, file:/home/itiro/Repos/astor-flakyrepair/samples/druid/lib/jline-2.12.jar, file:/home/itiro/Repos/astor-flakyrepair/samples/druid/lib/simplefan-19.3.0.0.jar, file:/home/itiro/Repos/astor-flakyrepair/samples/druid/lib/mybatis-spring-1.3.0.jar, file:/home/itiro/Repos/astor-flakyrepair/samples/druid/lib/commons-dbcp-1.4.jar, file:/home/itiro/Repos/astor-flakyrepair/samples/druid/lib/jandex-2.0.0.Final.jar, file:/home/itiro/Repos/astor-flakyrepair/samples/druid/lib/commons-configuration-1.6.jar, file:/home/itiro/Repos/astor-flakyrepair/samples/druid/lib/aspectjrt-1.8.9.jar, file:/home/itiro/Repos/astor-flakyrepair/samples/druid/lib/javax.jdo-3.2.0-m3.jar, file:/home/itiro/Repos/astor-flakyrepair/samples/druid/lib/curator-test-4.2.0.jar, file:/home/itiro/Repos/astor-flakyrepair/samples/druid/lib/apacheds-i18n-2.0.0-M15.jar, file:/home/itiro/Repos/astor-flakyrepair/samples/druid/lib/jetty-6.1.26.jar, file:/home/itiro/Repos/astor-flakyrepair/samples/druid/lib/findbugs-annotations-1.3.9-1.jar, file:/home/itiro/Repos/astor-flakyrepair/samples/druid/lib/geronimo-jta_1.1_spec-1.1.1.jar, file:/home/itiro/Repos/astor-flakyrepair/samples/druid/lib/aggdesigner-algorithm-6.0.jar, file:/home/itiro/Repos/astor-flakyrepair/samples/druid/lib/hibernate-c3p0-5.1.0.Final.jar, file:/home/itiro/Repos/astor-flakyrepair/samples/druid/lib/hive-shims-0.23-3.1.2.jar, file:/home/itiro/Repos/astor-flakyrepair/samples/druid/lib/datanucleus-rdbms-4.1.19.jar, file:/home/itiro/Repos/astor-flakyrepair/samples/druid/lib/java-util-1.9.0.jar, file:/home/itiro/Repos/astor-flakyrepair/samples/druid/lib/jackson-core-2.10.0.jar, file:/home/itiro/Repos/astor-flakyrepair/samples/druid/lib/asm-commons-5.0.1.jar, file:/home/itiro/Repos/astor-flakyrepair/samples/druid/lib/avro-1.7.7.jar, file:/home/itiro/Repos/astor-flakyrepair/samples/druid/lib/antlr-2.7.7.jar, file:/home/itiro/Repos/astor-flakyrepair/samples/druid/lib/osdt_core-19.3.0.0.jar, file:/home/itiro/Repos/astor-flakyrepair/samples/druid/lib/joda-time-2.8.1.jar, file:/home/itiro/Repos/astor-flakyrepair/samples/druid/lib/jackson-jaxrs-base-2.7.8.jar, file:/home/itiro/Repos/astor-flakyrepair/samples/druid/lib/memory-0.9.0.jar, file:/home/itiro/Repos/astor-flakyrepair/samples/druid/lib/commons-dbcp2-2.5.0.jar, file:/home/itiro/Repos/astor-flakyrepair/samples/druid/lib/joni-2.1.11.jar, file:/home/itiro/Repos/astor-flakyrepair/samples/druid/lib/ant-1.9.1.jar, file:/home/itiro/Repos/astor-flakyrepair/samples/druid/lib/spring-expression-4.3.20.RELEASE.jar, file:/home/itiro/Repos/astor-flakyrepair/samples/druid/lib/commons-lang3-3.8.jar, file:/home/itiro/Repos/astor-flakyrepair/samples/druid/lib/hadoop-annotations-2.6.0.jar, file:/home/itiro/Repos/astor-flakyrepair/samples/druid/lib/dnsjava-2.1.7.jar, file:/home/itiro/Repos/astor-flakyrepair/samples/druid/lib/paranamer-2.3.jar, file:/home/itiro/Repos/astor-flakyrepair/samples/druid/lib/javax.el-3.0.1-b12.jar, file:/home/itiro/Repos/astor-flakyrepair/samples/druid/lib/orc-shims-1.5.6.jar, file:/home/itiro/Repos/astor-flakyrepair/samples/druid/lib/jetty-webapp-9.3.20.v20170531.jar, file:/home/itiro/Repos/astor-flakyrepair/samples/druid/lib/jackson-annotations-2.10.0.jar, file:/home/itiro/Repos/astor-flakyrepair/samples/druid/lib/tomcat-jdbc-8.0.32.jar, file:/home/itiro/Repos/astor-flakyrepair/samples/druid/lib/hadoop-yarn-client-2.7.1.jar, file:/home/itiro/Repos/astor-flakyrepair/samples/druid/lib/protobuf-java-3.11.4.jar, file:/home/itiro/Repos/astor-flakyrepair/samples/druid/lib/junit-4.13.1.jar, file:/home/itiro/Repos/astor-flakyrepair/samples/druid/lib/javasimon-spring-4.1.1.jar, file:/home/itiro/Repos/astor-flakyrepair/samples/druid/lib/spring-core-4.3.20.RELEASE.jar, file:/home/itiro/Repos/astor-flakyrepair/samples/druid/lib/hadoop-yarn-registry-3.1.0.jar, file:/home/itiro/Repos/astor-flakyrepair/samples/druid/lib/jetty-util-9.3.20.v20170531.jar, file:/home/itiro/Repos/astor-flakyrepair/samples/druid/lib/tephra-api-0.6.0.jar, file:/home/itiro/Repos/astor-flakyrepair/samples/druid/lib/commons-dbutils-1.6.jar, file:/home/itiro/Repos/astor-flakyrepair/samples/druid/lib/hamcrest-core-1.3.jar, file:/home/itiro/Repos/astor-flakyrepair/samples/druid/lib/arrow-vector-0.8.0.jar, file:/home/itiro/Repos/astor-flakyrepair/samples/druid/lib/icu4j-58.2.jar, file:/home/itiro/Repos/astor-flakyrepair/samples/druid/lib/spring-orm-4.3.20.RELEASE.jar, file:/home/itiro/Repos/astor-flakyrepair/samples/druid/lib/hbase-metrics-2.0.0-alpha4.jar, file:/home/itiro/Repos/astor-flakyrepair/samples/druid/lib/j2objc-annotations-1.3.jar, file:/home/itiro/Repos/astor-flakyrepair/samples/druid/lib/commons-io-2.4.jar, file:/home/itiro/Repos/astor-flakyrepair/samples/druid/lib/httpclient-4.2.5.jar, file:/home/itiro/Repos/astor-flakyrepair/samples/druid/lib/commons-collections-3.2.1.jar, file:/home/itiro/Repos/astor-flakyrepair/samples/druid/lib/libfb303-0.9.3.jar, file:/home/itiro/Repos/astor-flakyrepair/samples/druid/lib/fst-2.50.jar, file:/home/itiro/Repos/astor-flakyrepair/samples/druid/lib/hbase-http-2.0.0-alpha4.jar, file:/home/itiro/Repos/astor-flakyrepair/samples/druid/lib/jasper-compiler-5.5.23.jar, file:/home/itiro/Repos/astor-flakyrepair/samples/druid/lib/spring-ibatis-2.0.8.jar, file:/home/itiro/Repos/astor-flakyrepair/samples/druid/lib/jsr305-3.0.2.jar, file:/home/itiro/Repos/astor-flakyrepair/samples/druid/lib/jconsole-1.8.jar, file:/home/itiro/Repos/astor-flakyrepair/samples/druid/lib/jmh-generator-annprocess-1.19.jar, file:/home/itiro/Repos/astor-flakyrepair/samples/druid/lib/bonecp-spring-0.8.0.RELEASE.jar, file:/home/itiro/Repos/astor-flakyrepair/samples/druid/lib/dubbo-2.5.3.jar, file:/home/itiro/Repos/astor-flakyrepair/samples/druid/lib/api-util-1.0.0-M20.jar, file:/home/itiro/Repos/astor-flakyrepair/samples/druid/lib/jaxb-api-2.3.0.jar, file:/home/itiro/Repos/astor-flakyrepair/samples/druid/lib/javax.inject-2.5.0-b32.jar, file:/home/itiro/Repos/astor-flakyrepair/samples/druid/lib/janino-3.0.11.jar, file:/home/itiro/Repos/astor-flakyrepair/samples/druid/lib/commons-pool-1.5.4.jar, file:/home/itiro/Repos/astor-flakyrepair/samples/druid/lib/jetty-annotations-9.3.20.v20170531.jar, file:/home/itiro/Repos/astor-flakyrepair/samples/druid/lib/netty-all-4.1.17.Final.jar, file:/home/itiro/Repos/astor-flakyrepair/samples/druid/lib/spring-jdbc-4.3.20.RELEASE.jar, file:/home/itiro/Repos/astor-flakyrepair/samples/druid/lib/hive-classification-3.1.2.jar, file:/home/itiro/Repos/astor-flakyrepair/samples/druid/lib/commons-httpclient-3.1.jar]
-->/home/itiro/Repos/astor-flakyrepair/samples/druid/target/test-classes
Results [com.alibaba.druid.bvt.utils.JdbcUtilsTest#test_curd, com.alibaba.druid.bvt.utils.JdbcUtilsTest#test_close]
NGzoltar retrieved test: JUNIT,com.alibaba.druid.bvt.utils.JdbcUtilsTest#test_curd
NGzoltar retrieved test: JUNIT,com.alibaba.druid.bvt.utils.JdbcUtilsTest#test_close
Test all: [JUNIT,com.alibaba.druid.bvt.utils.JdbcUtilsTest#test_curd, JUNIT,com.alibaba.druid.bvt.utils.JdbcUtilsTest#test_close]
Test retrieved from classes: 2
Suspicious: com.alibaba.druid.bvt.utils.JdbcUtilsTest#test_curd at line 52
Suspicious: com.alibaba.druid.bvt.utils.JdbcUtilsTest#test_curd at line 53
Suspicious: com.alibaba.druid.bvt.utils.JdbcUtilsTest#test_curd at line 55
Suspicious: com.alibaba.druid.bvt.utils.JdbcUtilsTest#test_curd at line 56
Suspicious: com.alibaba.druid.bvt.utils.JdbcUtilsTest#test_curd at line 57
Suspicious: com.alibaba.druid.bvt.utils.JdbcUtilsTest#test_curd at line 58
Suspicious: com.alibaba.druid.bvt.utils.JdbcUtilsTest#test_curd at line 60
Suspicious: com.alibaba.druid.bvt.utils.JdbcUtilsTest#test_curd at line 61
Suspicious: com.alibaba.druid.bvt.utils.JdbcUtilsTest#test_curd at line 62
Suspicious: com.alibaba.druid.bvt.utils.JdbcUtilsTest#test_curd at line 64
Suspicious: com.alibaba.druid.bvt.utils.JdbcUtilsTest#test_curd at line 65
Suspicious: com.alibaba.druid.bvt.utils.JdbcUtilsTest#test_curd at line 67
Suspicious: com.alibaba.druid.bvt.utils.JdbcUtilsTest#test_curd at line 68
Suspicious: com.alibaba.druid.bvt.utils.JdbcUtilsTest#test_curd at line 69
Suspicious: com.alibaba.druid.bvt.utils.JdbcUtilsTest#test_curd at line 71
Suspicious: com.alibaba.druid.bvt.utils.JdbcUtilsTest#test_curd at line 72
Suspicious: com.alibaba.druid.bvt.utils.JdbcUtilsTest#test_curd at line 74
Suspicious: com.alibaba.druid.bvt.utils.JdbcUtilsTest#test_curd at line 76
Suspicious: com.alibaba.druid.bvt.utils.JdbcUtilsTest#test_curd at line 77
FlakyRepairFaultLocalization: total suspicious: 19
Executing time Fault localization: 0 sec
Setting up the max to 5380 milliseconds (5 sec)
---- Initial suspicious size: 19
Creating variant 1
--ModifPoint:CtInvocationImpl, suspValue 1.0, line 53, file JdbcUtilsTest.java
Total suspicious from FL: 1,  1
Total ModPoint created: 1
Creating program variant #1, [Variant id: 1, #gens: 1, #ops: 0, parent:-]
Creating variant 2
--ModifPoint:CtLocalVariableImpl, suspValue 1.0, line 55, file JdbcUtilsTest.java
Total suspicious from FL: 1,  1
Total ModPoint created: 1
Creating program variant #2, [Variant id: 2, #gens: 1, #ops: 0, parent:-]
Creating variant 3
--ModifPoint:CtInvocationImpl, suspValue 1.0, line 56, file JdbcUtilsTest.java
Total suspicious from FL: 1,  1
Total ModPoint created: 1
Creating program variant #3, [Variant id: 3, #gens: 1, #ops: 0, parent:-]
Creating variant 4
--ModifPoint:CtInvocationImpl, suspValue 1.0, line 57, file JdbcUtilsTest.java
Total suspicious from FL: 1,  1
Total ModPoint created: 1
Creating program variant #4, [Variant id: 4, #gens: 1, #ops: 0, parent:-]
Creating variant 5
--ModifPoint:CtInvocationImpl, suspValue 1.0, line 58, file JdbcUtilsTest.java
Total suspicious from FL: 1,  1
Total ModPoint created: 1
Creating program variant #5, [Variant id: 5, #gens: 1, #ops: 0, parent:-]
Creating variant 6
--ModifPoint:CtAssignmentImpl, suspValue 1.0, line 60, file JdbcUtilsTest.java
Total suspicious from FL: 1,  1
Total ModPoint created: 1
Creating program variant #6, [Variant id: 6, #gens: 1, #ops: 0, parent:-]
Creating variant 7
--ModifPoint:CtInvocationImpl, suspValue 1.0, line 61, file JdbcUtilsTest.java
Total suspicious from FL: 1,  1
Total ModPoint created: 1
Creating program variant #7, [Variant id: 7, #gens: 1, #ops: 0, parent:-]
Creating variant 8
--ModifPoint:CtAssignmentImpl, suspValue 1.0, line 62, file JdbcUtilsTest.java
Total suspicious from FL: 1,  1
Total ModPoint created: 1
Creating program variant #8, [Variant id: 8, #gens: 1, #ops: 0, parent:-]
Creating variant 9
--ModifPoint:CtInvocationImpl, suspValue 1.0, line 64, file JdbcUtilsTest.java
Total suspicious from FL: 1,  1
Total ModPoint created: 1
Creating program variant #9, [Variant id: 9, #gens: 1, #ops: 0, parent:-]
Creating variant 10
--ModifPoint:CtInvocationImpl, suspValue 1.0, line 65, file JdbcUtilsTest.java
Total suspicious from FL: 1,  1
Total ModPoint created: 1
Creating program variant #10, [Variant id: 10, #gens: 1, #ops: 0, parent:-]
Creating variant 11
--ModifPoint:CtAssignmentImpl, suspValue 1.0, line 67, file JdbcUtilsTest.java
Total suspicious from FL: 1,  1
Total ModPoint created: 1
Creating program variant #11, [Variant id: 11, #gens: 1, #ops: 0, parent:-]
Creating variant 12
--ModifPoint:CtInvocationImpl, suspValue 1.0, line 68, file JdbcUtilsTest.java
Total suspicious from FL: 1,  1
Total ModPoint created: 1
Creating program variant #12, [Variant id: 12, #gens: 1, #ops: 0, parent:-]
Creating variant 13
--ModifPoint:CtAssignmentImpl, suspValue 1.0, line 69, file JdbcUtilsTest.java
Total suspicious from FL: 1,  1
Total ModPoint created: 1
Creating program variant #13, [Variant id: 13, #gens: 1, #ops: 0, parent:-]
Creating variant 14
--ModifPoint:CtInvocationImpl, suspValue 1.0, line 71, file JdbcUtilsTest.java
Total suspicious from FL: 1,  1
Total ModPoint created: 1
Creating program variant #14, [Variant id: 14, #gens: 1, #ops: 0, parent:-]
Creating variant 15
--ModifPoint:CtInvocationImpl, suspValue 1.0, line 72, file JdbcUtilsTest.java
Total suspicious from FL: 1,  1
Total ModPoint created: 1
Creating program variant #15, [Variant id: 15, #gens: 1, #ops: 0, parent:-]
Creating variant 16
--ModifPoint:CtInvocationImpl, suspValue 1.0, line 74, file JdbcUtilsTest.java
Total suspicious from FL: 1,  1
Total ModPoint created: 1
Creating program variant #16, [Variant id: 16, #gens: 1, #ops: 0, parent:-]
Creating variant 17
--ModifPoint:CtAssignmentImpl, suspValue 1.0, line 76, file JdbcUtilsTest.java
Total suspicious from FL: 1,  1
Total ModPoint created: 1
Creating program variant #17, [Variant id: 17, #gens: 1, #ops: 0, parent:-]
Creating variant 18
--ModifPoint:CtInvocationImpl, suspValue 1.0, line 77, file JdbcUtilsTest.java
Total suspicious from FL: 1,  1
Total ModPoint created: 1
Creating program variant #18, [Variant id: 18, #gens: 1, #ops: 0, parent:-]
Calculating fitness
Calculating fitness for original program variant.
-Running first validation
Using approach NondexRunner
[NonDex] Running: com.alibaba.druid.bvt.utils.JdbcUtilsTest#test_curd | K=10 seeds
Executing process: (timeout30secs) 
mvn  -f  "/home/itiro/Repos/astor-flakyrepair/samples/druid/pom.xml"  --quiet  --batch-mode  -Dmaven.main.skip=true  -Dmaven.test.compile.skip=true  -Dmaven.compiler.skip=true  edu.illinois:nondex-maven-plugin:2.2.1:nondex  -DnondexRuns=10  -Dtest=com.alibaba.druid.bvt.utils.JdbcUtilsTest#test_curd
[NonDex] Test com.alibaba.druid.bvt.utils.JdbcUtilsTest#test_curd failed 4 times of 10...
[NonDex] Done — failures=4/10
The approach NondexRunner failed
TR: Success: false, failTest= 4, was successful: false, cases executed: 10] ,[]
The original fitness is : 0.8
----------------------------
---Configuration properties
p:lastJUnitVersion= ./examples/libs/junit-4.11.jar
p:alternativecompliancelevel= 8
p:ignoredTestCases= 
p:workingDirectory= /home/itiro/Repos/astor-flakyrepair/./output_astor
p:manipulatesuper= false
p:validation= fr.inria.astor.approaches.flakyrepair.extension.FrProcessValidator
p:jvm4testexecution= /usr/lib/jvm/java-8-openjdk/jre/bin
p:operatorspace= fr.inria.astor.approaches.flakyrepair.extension.FrRepairSpace
p:diffcontext= 0
p:binjavafolder= target/classes/
p:synthesis_depth= 3
p:gzoltartestpackagetoexclude= junit.framework
p:skipfitnessinitialpopulation= false
p:evosuiteresultfolder= evosuite
p:flthreshold= 0.1
p:regressionforfaultlocalization= true
p:collectonlyusedmethod= false
p:folderDiff= ./diffSolutions
p:preservelinenumbers= true
p:tmax2= 5380
p:tmax1= 30000
p:probagenmutation= false
p:nomodificationconvergence= 100
p:diff_type= relative
p:nolog= False
p:targetelementprocessor= statements
p:srctestfolder= src/test/java/
p:forceExecuteRegression= false
p:clusteringfilename= clustering.csv
p:logtestexecution= false
p:evo_buggy_class= true
p:numberExecutions= 1
p:maxnumbersolutions= 1000000
p:evo_affected_by_op= true
p:population= 1
p:maxCombinationVariableLimit= false
p:savesolution= true
p:javacompliancelevel= 8
p:uniqueoptogen= false
p:gzoltarpackagetonotinstrument= junit.framework
p:projectIdentifier= 
p:modificationpointnavigation= weight
p:stopfirst= true
p:multipointmodification= false
p:customengine= fr.inria.astor.approaches.flakyrepair.FlakyRepairEngine
p:elementsToMutate= 10
p:jsonoutputname= astor_output
p:evoDSE= false
p:bintestfolder= target/test-classes/
p:testbystep= false
p:version-location= ./math-version/
p:gzoltarVersion= 1.7.4-SNAPSHOT
p:locationGzoltarJar= ./lib/
p:reintroduce= PARENTS:ORIGINAL
p:executorjar= ./lib/jtestex7.jar
p:maxGeneration= 200
p:includeTestInSusp= true
p:max_synthesis_step= 10000
p:projectinfocommand= com.github.tdurieux:project-config-maven-plugin:info
p:maxVarCombination= 1000
p:includeZeros= false
p:maxtime= 60
p:evosuitejar= ./lib/evosuite-master-1.0.4-SNAPSHOT.jar
p:jvmversion= 1.8.0_482
p:commandTrunk= 50000
p:faultlocalization= fr.inria.astor.approaches.flakyrepair.extension.FrFaultLocalization
p:resetmodel= true
p:maxsuspcandidates= 1000
p:mode= custom
p:learningdir= 
p:jvm4evosuitetestexecution= /usr/lib/jvm/java-8-openjdk/bin
p:filterfaultlocalization= true
p:mutationrate= 1 
p:canhavezerosusp= true
p:pathToMVNRepository= 
p:resourcesfolder= /src/main/resources:/src/test/resources:
p:timezone= America/Los_Angeles
p:runjava7code= false
p:evoRunOnBuggyClass= true
p:compiler= fr.inria.astor.core.manipulation.bytecode.compiler.SpoonClassCompiler
p:limitbysuspicious= true
p:logsattemps= true
p:dependenciespath= /home/itiro/Repos/astor-flakyrepair/samples/druid/lib
p:packageToInstrument= 
p:skipfaultlocalization= false
p:scope= package
p:transformingredient= false
p:fitnessfunction= fr.inria.astor.approaches.flakyrepair.extension.FrFitnessFunction
p:maxnumvariablesperingredient= 10
p:parsesourcefromoriginal= true
p:pvariantfoldername= variant-
p:savespoonmodelondisk= false
p:srcjavafolder= src/main/java/
p:populationcontroller= fr.inria.astor.core.solutionsearch.population.TestCaseBasedFitnessPopulationController
p:ignoreflakyinfl= false
p:cleantemplates= true
p:applyCrossover= false
p:maxmodificationpoints= 1000
p:duplicateingredientsinspace= false
p:metid= 0
p:continuewhenmodelfail= true
p:saveall= false
p:seed= 0
p:savecompletepatched= true
p:resetoperations= false
p:keepcomments= true
p:processoutputinfile= false
p:location= /home/itiro/Repos/astor-flakyrepair/samples/druid/
p:probabilistictransformation= true
p:overridemaxtime= true
p:outputjsonresult= true
p:allpoints= false
p:antipattern= false
p:bugId= 280
p:evosuitetimeout= 120
p:maxtimefactor= 10
p:nrPlaceholders= 1
p:forcesubprocesskilling= true
----------------------------

****
analyzing variant #1 out of 18
Ignored operator: The approach has an operator that needs ingredients: fr.inria.astor.approaches.flakyrepair.extension.operators.InvocationReplacementOp

****
analyzing variant #2 out of 18
mod_point MP=com.alibaba.druid.bvt.utils.JdbcUtilsTest line: 55, pointed element: CtLocalVariableImpl
-->op: OP_INSTANCE:
LinkedInjectorOp:(spoon.support.reflect.code.CtLocalVariableImpl) `java.util.Map<java.lang.String, java.lang.Object> data = new java.util.HashMap<java.lang.String, jav[...] ` -topatch--> `java.util.Map<java.lang.String, java.lang.Object> data = new java.util.LinkedHashMap()` (spoon.support.reflect.code.CtLocalVariableImpl) 
 applied: {
	java.util.List<java.util.Map<java.lang.String, java.lang.Object>> list = com.alibaba.druid.util.JdbcUtils.executeQuery(dataSource, "select * from user");
	org.junit.Assert.assertEquals(0, list.size());

	java.util.Map<java.lang.String, java.lang.Object> data = new java.util.LinkedHashMap();
	data.put("id", 123);
	data.put("name", "高傲的羊");
	com.alibaba.druid.util.JdbcUtils.insertToTable(dataSource, "user", data);

	list = com.alibaba.druid.util.JdbcUtils.executeQuery(dataSource, "select * from user");
	org.junit.Assert.assertEquals(1, list.size());
	data = list.get(0);

	org.junit.Assert.assertEquals(123, data.get("ID"));
	org.junit.Assert.assertEquals("高傲的羊", data.get("NAME"));

	list = com.alibaba.druid.util.JdbcUtils.executeQuery(dataSource, "select id \"id\", name \"name\" from user");
	org.junit.Assert.assertEquals(1, list.size());
	data = list.get(0);

	org.junit.Assert.assertEquals(123, data.get("id"));
	org.junit.Assert.assertEquals("高傲的羊", data.get("name"));

	com.alibaba.druid.util.JdbcUtils.executeUpdate(dataSource, "delete from user");

	list = com.alibaba.druid.util.JdbcUtils.executeQuery(dataSource, "select * from user");
	org.junit.Assert.assertEquals(0, list.size());
}
-The child compiles: id 19
-Running first validation
Using approach NondexRunner
[NonDex] Running: com.alibaba.druid.bvt.utils.JdbcUtilsTest#test_curd | K=10 seeds
Executing process: (timeout30secs) 
mvn  -f  "/home/itiro/Repos/astor-flakyrepair/samples/druid/pom.xml"  --quiet  --batch-mode  -Dmaven.main.skip=true  -Dmaven.test.compile.skip=true  -Dmaven.compiler.skip=true  edu.illinois:nondex-maven-plugin:2.2.1:nondex  -DnondexRuns=10  -Dtest=com.alibaba.druid.bvt.utils.JdbcUtilsTest#test_curd
[NonDex] Test com.alibaba.druid.bvt.utils.JdbcUtilsTest#test_curd failed 0 times of 10...
[NonDex] Done — failures=0/10
The approach NondexRunner was sucessfull
TR: Success: true, failTest= 0, was successful: true, cases executed: 10] ,[]
-Valid?: |true|0|10|[]|, fitness 0.0
-Found Solution, child variant #19
Ingredient counter is Zero

Attempts to find patch Id 19: 0, successful 0, failing 0

-Saving child on disk variant #19 at /home/itiro/Repos/astor-flakyrepair/./output_astor/AstorMain-druid//src//variant-19

-Saving child on disk variant #19 at /home/itiro/Repos/astor-flakyrepair/./output_astor/AstorMain-druid//src//variant-19_f
/home/itiro/Repos/astor-flakyrepair/./output_astor/AstorMain-druid/src/default_f/com/alibaba/druid/bvt/utils/JdbcUtilsTest.java
/home/itiro/Repos/astor-flakyrepair/./output_astor/AstorMain-druid/src/variant-19_f/com/alibaba/druid/bvt/utils/JdbcUtilsTest.java
diff command : diff -w -b  --label=src/test/java/com/alibaba/druid/bvt/utils/JdbcUtilsTest.java --label=src/test/java/com/alibaba/druid/bvt/utils/JdbcUtilsTest.java /home/itiro/Repos/astor-flakyrepair/./output_astor/AstorMain-druid/src/default_f/com/alibaba/druid/bvt/utils/JdbcUtilsTest.java /home/itiro/Repos/astor-flakyrepair/./output_astor/AstorMain-druid/src/variant-19_f/com/alibaba/druid/bvt/utils/JdbcUtilsTest.java --unified=0
/home/itiro/Repos/astor-flakyrepair/./output_astor/AstorMain-druid/src/default/com/alibaba/druid/bvt/utils/JdbcUtilsTest.java
/home/itiro/Repos/astor-flakyrepair/./output_astor/AstorMain-druid/src/variant-19/com/alibaba/druid/bvt/utils/JdbcUtilsTest.java
diff command : diff -w -b  --label=src/test/java/com/alibaba/druid/bvt/utils/JdbcUtilsTest.java --label=src/test/java/com/alibaba/druid/bvt/utils/JdbcUtilsTest.java /home/itiro/Repos/astor-flakyrepair/./output_astor/AstorMain-druid/src/default/com/alibaba/druid/bvt/utils/JdbcUtilsTest.java /home/itiro/Repos/astor-flakyrepair/./output_astor/AstorMain-druid/src/variant-19/com/alibaba/druid/bvt/utils/JdbcUtilsTest.java --unified=0
Generation 1
Storing ing JSON at ./diffSolutions/patchinfo_19.json
./diffSolutions/patchinfo_19.json:
{"VARIANT_ID":"19","VALIDATION":"|true|0|10|[]|","patchhunks":[{"LOCATION":"com.alibaba.druid.bvt.utils.JdbcUtilsTest","PATH":"\\\/home\\\/itiro\\\/Repos\\\/astor-flakyrepair\\\/samples\\\/druid\\\/src\\\/test\\\/java\\\/com\\\/alibaba\\\/druid\\\/bvt\\\/utils\\\/JdbcUtilsTest.java","ORIGINAL_CODE":"java.util.Map<java.lang.String, java.lang.Object> data = new java.util.HashMap<java.lang.String, java.lang.Object>()","BUGGY_CODE_TYPE":"CtLocalVariableImpl|CtBlockImpl","OPERATOR":"LinkedInjectorOp","MODIFIED_FILE_PATH":"\\\/home\\\/itiro\\\/Repos\\\/astor-flakyrepair\\\/.\\\/output_astor\\\/AstorMain-druid\\\/\\\/src\\\/\\\/variant-19\\\/com\\\/alibaba\\\/druid\\\/bvt\\\/utils\\\/JdbcUtilsTest.java","LINE":"55","SUSPICIOUNESS":"1","MP_RANKING":"0","PATCH_HUNK_CODE":"java.util.Map<java.lang.String, java.lang.Object> data = new java.util.LinkedHashMap()","PATCH_HUNK_TYPE":"CtLocalVariableImpl|CtBlockImpl"}],"TIME":"0","GENERATION":"1","FOLDER_SOLUTION_CODE":"\\\/home\\\/itiro\\\/Repos\\\/astor-flakyrepair\\\/.\\\/output_astor\\\/AstorMain-druid\\\/\\\/src\\\/\\\/variant-19","PATCH_DIFF_ORIG":"--- src\\\/test\\\/java\\\/com\\\/alibaba\\\/druid\\\/bvt\\\/utils\\\/JdbcUtilsTest.java\\n+++ src\\\/test\\\/java\\\/com\\\/alibaba\\\/druid\\\/bvt\\\/utils\\\/JdbcUtilsTest.java\\n@@ -55 +55 @@\\n-\\t\\tjava.util.Map<java.lang.String, java.lang.Object> data = new java.util.HashMap<java.lang.String, java.lang.Object>();\\n+\\t\\tjava.util.Map<java.lang.String, java.lang.Object> data = new java.util.LinkedHashMap();\\n\\n"}
Saving patch info at ./diffSolutions/patchinfo_19.json
Storing ing JSON at /home/itiro/Repos/astor-flakyrepair/./diffSolutions/patch_18162_19.diff
/home/itiro/Repos/astor-flakyrepair/./diffSolutions/patch_18162_19.diff:
{"VARIANT_ID":"19","VALIDATION":"|true|0|10|[]|","patchhunks":[{"LOCATION":"com.alibaba.druid.bvt.utils.JdbcUtilsTest","PATH":"\\\/home\\\/itiro\\\/Repos\\\/astor-flakyrepair\\\/samples\\\/druid\\\/src\\\/test\\\/java\\\/com\\\/alibaba\\\/druid\\\/bvt\\\/utils\\\/JdbcUtilsTest.java","ORIGINAL_CODE":"java.util.Map<java.lang.String, java.lang.Object> data = new java.util.HashMap<java.lang.String, java.lang.Object>()","BUGGY_CODE_TYPE":"CtLocalVariableImpl|CtBlockImpl","OPERATOR":"LinkedInjectorOp","MODIFIED_FILE_PATH":"\\\/home\\\/itiro\\\/Repos\\\/astor-flakyrepair\\\/.\\\/output_astor\\\/AstorMain-druid\\\/\\\/src\\\/\\\/variant-19\\\/com\\\/alibaba\\\/druid\\\/bvt\\\/utils\\\/JdbcUtilsTest.java","LINE":"55","SUSPICIOUNESS":"1","MP_RANKING":"0","PATCH_HUNK_CODE":"java.util.Map<java.lang.String, java.lang.Object> data = new java.util.LinkedHashMap()","PATCH_HUNK_TYPE":"CtLocalVariableImpl|CtBlockImpl"}],"TIME":"0","GENERATION":"1","FOLDER_SOLUTION_CODE":"\\\/home\\\/itiro\\\/Repos\\\/astor-flakyrepair\\\/.\\\/output_astor\\\/AstorMain-druid\\\/\\\/src\\\/\\\/variant-19","PATCH_DIFF_ORIG":"--- src\\\/test\\\/java\\\/com\\\/alibaba\\\/druid\\\/bvt\\\/utils\\\/JdbcUtilsTest.java\\n+++ src\\\/test\\\/java\\\/com\\\/alibaba\\\/druid\\\/bvt\\\/utils\\\/JdbcUtilsTest.java\\n@@ -55 +55 @@\\n-\\t\\tjava.util.Map<java.lang.String, java.lang.Object> data = new java.util.HashMap<java.lang.String, java.lang.Object>();\\n+\\t\\tjava.util.Map<java.lang.String, java.lang.Object> data = new java.util.LinkedHashMap();\\n\\n"}
Saving patch diff at /home/itiro/Repos/astor-flakyrepair/./diffSolutions/patch_18162_19.diff
Time Repair Loop (s): 18.163
generationsexecuted: 1
----SUMMARY_EXECUTION---
End Repair Search: Found solution
Solution stored at: /home/itiro/Repos/astor-flakyrepair/./output_astor/AstorMain-druid//src/
Number solutions:1
f (sol): 0.0, [Variant id: 19 (SOL) , #gens: 1, #ops: 1, parent:2]
All variants:
f 0.8, [Variant id: 1, #gens: 1, #ops: 0, parent:-]
f 0.8, [Variant id: 2, #gens: 1, #ops: 0, parent:-]
f 0.8, [Variant id: 3, #gens: 1, #ops: 0, parent:-]
f 0.8, [Variant id: 4, #gens: 1, #ops: 0, parent:-]
f 0.8, [Variant id: 5, #gens: 1, #ops: 0, parent:-]
f 0.8, [Variant id: 6, #gens: 1, #ops: 0, parent:-]
f 0.8, [Variant id: 7, #gens: 1, #ops: 0, parent:-]
f 0.8, [Variant id: 8, #gens: 1, #ops: 0, parent:-]
f 0.8, [Variant id: 9, #gens: 1, #ops: 0, parent:-]
f 0.8, [Variant id: 10, #gens: 1, #ops: 0, parent:-]
f 0.8, [Variant id: 11, #gens: 1, #ops: 0, parent:-]
f 0.8, [Variant id: 12, #gens: 1, #ops: 0, parent:-]
f 0.8, [Variant id: 13, #gens: 1, #ops: 0, parent:-]
f 0.8, [Variant id: 14, #gens: 1, #ops: 0, parent:-]
f 0.8, [Variant id: 15, #gens: 1, #ops: 0, parent:-]
f 0.8, [Variant id: 16, #gens: 1, #ops: 0, parent:-]
f 0.8, [Variant id: 17, #gens: 1, #ops: 0, parent:-]
f 0.8, [Variant id: 18, #gens: 1, #ops: 0, parent:-]
Number suspicious:18

 --SOLUTIONS DESCRIPTION--

 ----
ProgramVariant 19
 
time(sec)= 0
operation: LinkedInjectorOp
location= com.alibaba.druid.bvt.utils.JdbcUtilsTest
line= 55
lineSuspiciousness= 1
lineSuspiciousness= 0
original statement= java.util.Map<java.lang.String, java.lang.Object> data = new java.util.HashMap<java.lang.String, java.lang.Object>()
buggy kind= CtLocalVariableImpl|CtBlockImpl
fixed statement= java.util.Map<java.lang.String, java.lang.Object> data = new java.util.LinkedHashMap()
Patch kind= CtLocalVariableImpl|CtBlockImpl
generation= 1
ingredientScope= -
validation=|true|0|10|[]|
diffpatch=--- src/test/java/com/alibaba/druid/bvt/utils/JdbcUtilsTest.java
+++ src/test/java/com/alibaba/druid/bvt/utils/JdbcUtilsTest.java
@@ -21 +21 @@
-		java.util.Map<java.lang.String, java.lang.Object> data = new java.util.HashMap<java.lang.String, java.lang.Object>();
+		java.util.Map<java.lang.String, java.lang.Object> data = new java.util.LinkedHashMap();


diffpatchoriginal=--- src/test/java/com/alibaba/druid/bvt/utils/JdbcUtilsTest.java
+++ src/test/java/com/alibaba/druid/bvt/utils/JdbcUtilsTest.java
@@ -55 +55 @@
-		java.util.Map<java.lang.String, java.lang.Object> data = new java.util.HashMap<java.lang.String, java.lang.Object>();
+		java.util.Map<java.lang.String, java.lang.Object> data = new java.util.LinkedHashMap();



Astor Output:

General stats:
EXECUTION_IDENTIFIER=
TOTAL_TIME=18.163
NR_GENERATIONS=null
NR_RIGHT_COMPILATIONS=1
NR_FAILLING_COMPILATIONS=null
NR_ERRONEOUS_VARIANCES=null
NR_FAILING_VALIDATION_PROCESS=null
OUTPUT_STATUS=STOP_BY_PATCH_FOUND
FAULT_LOCALIZATION=fr.inria.astor.approaches.flakyrepair.extension.FrFaultLocalization

Patch stats:

Patch 1
VARIANT_ID=19
TIME=0
VALIDATION=|true|0|10|[]|
GENERATION=1
FOLDER_SOLUTION_CODE=/home/itiro/Repos/astor-flakyrepair/./output_astor/AstorMain-druid//src//variant-19
--Patch Hunk #1
OPERATOR=LinkedInjectorOp

LOCATION=com.alibaba.druid.bvt.utils.JdbcUtilsTest

PATH=/home/itiro/Repos/astor-flakyrepair/samples/druid/src/test/java/com/alibaba/druid/bvt/utils/JdbcUtilsTest.java

MODIFIED_FILE_PATH=/home/itiro/Repos/astor-flakyrepair/./output_astor/AstorMain-druid//src//variant-19/com/alibaba/druid/bvt/utils/JdbcUtilsTest.java

LINE=55

SUSPICIOUNESS=1

MP_RANKING=0

ORIGINAL_CODE=java.util.Map<java.lang.String, java.lang.Object> data = new java.util.HashMap<java.lang.String, java.lang.Object>()

BUGGY_CODE_TYPE=CtLocalVariableImpl|CtBlockImpl

PATCH_HUNK_CODE=java.util.Map<java.lang.String, java.lang.Object> data = new java.util.LinkedHashMap()

PATCH_HUNK_TYPE=CtLocalVariableImpl|CtBlockImpl

INGREDIENT_SCOPE=null

INGREDIENT_PARENT=null

PATCH_DIFF_ORIG=--- src/test/java/com/alibaba/druid/bvt/utils/JdbcUtilsTest.java
+++ src/test/java/com/alibaba/druid/bvt/utils/JdbcUtilsTest.java
@@ -55 +55 @@
-		java.util.Map<java.lang.String, java.lang.Object> data = new java.util.HashMap<java.lang.String, java.lang.Object>();
+		java.util.Map<java.lang.String, java.lang.Object> data = new java.util.LinkedHashMap();



Storing ing JSON at /home/itiro/Repos/astor-flakyrepair/./output_astor/AstorMain-druid//astor_output.json
astor_output:
{"general":{"NR_RIGHT_COMPILATIONS":1,"NR_ERRONEOUS_VARIANCES":null,"EXECUTION_IDENTIFIER":"","FAULT_LOCALIZATION":"fr.inria.astor.approaches.flakyrepair.extension.FrFaultLocalization","OUTPUT_STATUS":"STOP_BY_PATCH_FOUND","NR_FAILLING_COMPILATIONS":null,"NR_GENERATIONS":null,"TOTAL_TIME":18.163,"NR_FAILING_VALIDATION_PROCESS":null},"patches":[{"VARIANT_ID":"19","VALIDATION":"|true|0|10|[]|","patchhunks":[{"LOCATION":"com.alibaba.druid.bvt.utils.JdbcUtilsTest","PATH":"\\\/home\\\/itiro\\\/Repos\\\/astor-flakyrepair\\\/samples\\\/druid\\\/src\\\/test\\\/java\\\/com\\\/alibaba\\\/druid\\\/bvt\\\/utils\\\/JdbcUtilsTest.java","ORIGINAL_CODE":"java.util.Map<java.lang.String, java.lang.Object> data = new java.util.HashMap<java.lang.String, java.lang.Object>()","BUGGY_CODE_TYPE":"CtLocalVariableImpl|CtBlockImpl","OPERATOR":"LinkedInjectorOp","MODIFIED_FILE_PATH":"\\\/home\\\/itiro\\\/Repos\\\/astor-flakyrepair\\\/.\\\/output_astor\\\/AstorMain-druid\\\/\\\/src\\\/\\\/variant-19\\\/com\\\/alibaba\\\/druid\\\/bvt\\\/utils\\\/JdbcUtilsTest.java","LINE":"55","SUSPICIOUNESS":"1","MP_RANKING":"0","PATCH_HUNK_CODE":"java.util.Map<java.lang.String, java.lang.Object> data = new java.util.LinkedHashMap()","PATCH_HUNK_TYPE":"CtLocalVariableImpl|CtBlockImpl"}],"TIME":"0","GENERATION":"1","FOLDER_SOLUTION_CODE":"\\\/home\\\/itiro\\\/Repos\\\/astor-flakyrepair\\\/.\\\/output_astor\\\/AstorMain-druid\\\/\\\/src\\\/\\\/variant-19","PATCH_DIFF_ORIG":"--- src\\\/test\\\/java\\\/com\\\/alibaba\\\/druid\\\/bvt\\\/utils\\\/JdbcUtilsTest.java\\n+++ src\\\/test\\\/java\\\/com\\\/alibaba\\\/druid\\\/bvt\\\/utils\\\/JdbcUtilsTest.java\\n@@ -55 +55 @@\\n-\\t\\tjava.util.Map<java.lang.String, java.lang.Object> data = new java.util.HashMap<java.lang.String, java.lang.Object>();\\n+\\t\\tjava.util.Map<java.lang.String, java.lang.Object> data = new java.util.LinkedHashMap();\\n\\n"}]}
Time Total(s): 49.747
